2070,-149.883,61.1944
2071,-149.8701,61.1402
2074,-149.3651,61.569
2188,-149.532,61.3113
2710,-131.7232,55.3752
2722,-147.683,64.8589
3814,-134.5152,58.3568
4359,-149.7426,61.2127
287,-87.2577,33.8452
298,-86.1569,34.2163
300,-85.7636,33.7909
301,-85.988,34.0132
306,-86.5005,34.3418
315,-86.4536,33.9682
316,-86.0936,33.9938
329,-85.8183,33.719
332,-86.6722,34.7434
355,-85.4128,32.6382
356,-85.4992,32.5721
362,-87.8379,33.9351
375,-86.5887,34.7057
394,-87.2781,34.4943
403,-87.7316,34.4899
409,-87.5961,34.2383
423,-86.8061,33.2306
424,-86.612,32.8197
425,-87.1695,32.9643
432,-86.0822,33.439
433,-86.5897,34.7624
434,-86.5671,34.6256
483,-86.4163,32.4628
562,-86.5247,33.558
604,-85.4395,31.2647
660,-87.6698,34.746
661,-86.9807,34.7902
662,-86.9993,34.5591
670,-86.8434,34.1486
681,-86.3138,34.3187
691,-85.7887,34.4555
700,-87.0137,32.4323
712,-86.0079,34.6665
715,-87.5199,33.1676
723,-85.9617,31.7783
726,-86.0063,32.9643
730,-86.2858,33.175
731,-87.8486,32.4961
733,-85.1728,32.8225
734,-85.831,31.3226
740,-85.6526,31.4444
762,-86.7029,33.5889
763,-86.9135,33.467
764,-86.9991,33.371
766,-87.6258,34.8343
809,-85.8423,33.5945
853,-88.225,30.6767
863,-85.3588,33.1497
866,-88.1577,30.5944
904,-87.6821,30.3933
930,-86.2326,32.3303
934,-87.9071,30.6228
938,-86.1825,32.3853
991,-88.125,30.6844
1052,-87.8243,33.7064
1063,-85.8952,31.0486
1091,-86.4438,31.3189
1100,-87.9921,34.1195
1101,-86.2122,32.5074
1124,-86.9459,34.4513
1158,-86.9227,33.5809
1174,-87.7368,31.9433
1201,-86.8267,33.6483
1212,-88.0956,30.8005
1229,-86.8309,33.3603
1284,-85.046,32.5006
1462,-86.6469,31.8496
1481,-86.8213,33.4482
1493,-87.3307,31.481
1620,-87.0671,31.1466
1638,-85.169,31.8467
1711,-86.7193,33.5274
2111,-86.6781,33.4186
2306,-87.6111,33.2355
2488,-86.9812,34.5893
2534,-85.4018,31.1773
2690,-86.7449,34.6791
2713,-86.6269,33.6398
2723,-87.0437,33.7445
2739,-87.7903,30.8844
2748,-87.6871,30.2671
2760,-87.88,31.5454
3184,-86.799,33.3926
3271,-86.751,33.1449
3386,-86.4298,33.778
4187,-87.6902,34.8437
4188,-87.6566,34.818
4189,-86.8511,33.2795
4318,-86.3839,32.5058
4330,-86.6195,33.3489
4333,-87.8535,30.5247
4407,-86.138,32.3636
4497,-86.9715,33.4547
4504,-86.8216,33.4679
4580,-86.7918,33.4286
4581,-88.2463,30.6389
4648,-88.195,30.6791
4657,-88.1893,30.6415
5098,-88.1628,30.6496
5100,-86.684,33.6381
5113,-86.2772,33.6094
5126,-85.7071,34.1577
5174,-88.2303,30.7605
5197,-86.4846,34.6595
5262,-86.7911,33.3339
5348,-86.2704,32.3665
5653,-87.5943,30.2692
5703,-86.768,34.75
7254,-86.6044,34.7966
1,-94.1491,36.3315
2,-93.1289,36.2612
4,-94.5142,36.1816
5,-92.4397,35.1063
7,-92.2358,34.8379
8,-92.7241,35.1691
11,-92.341,36.3553
16,-94.3553,35.4656
18,-91.255,35.605
24,-92.1082,34.8865
33,-93.8519,33.9283
36,-90.5244,36.06
45,-90.6808,35.8202
52,-93.0895,34.4913
54,-94.1452,36.1663
55,-93.9018,35.1434
57,-90.9744,36.0752
58,-93.105,35.2805
62,-89.873,35.9296
66,-93.4632,35.4493
67,-94.2226,34.5879
68,-90.7781,35.2521
70,-90.2017,35.1668
71,-90.969,36.2534
74,-90.011,35.7
76,-93.5858,36.3771
83,-93.2121,33.2767
85,-92.5806,34.5774
91,-90.7906,35.0331
100,-94.2248,36.3682
102,-91.5755,34.479
119,-91.6141,35.7627
124,-92.3729,34.67
125,-94.412,35.3282
126,-92.3983,34.7283
127,-92.8325,34.389
128,-90.7344,35.8159
133,-94.1286,33.6719
141,-94.3396,35.3482
144,-94.2011,36.052
157,-91.6861,35.2494
160,-91.5988,36.2369
167,-91.9415,33.1375
169,-91.894,34.805
171,-92.837,33.5672
209,-93.8438,35.5037
229,-90.5236,35.6791
230,-93.7162,35.2934
235,-90.595,36.4115
261,-93.0617,34.4553
279,-94.3203,34.0455
281,-92.0293,35.5063
289,-91.3819,33.6052
296,-93.1665,35.2179
318,-93.0966,34.1199
336,-92.3999,34.3014
339,-92.4352,33.8202
348,-91.8035,33.6368
358,-94.2323,35.4799
359,-94.1469,36.1231
373,-93.7333,36.0855
380,-94.1053,34.8997
388,-94.365,35.4031
468,-94.0415,33.4609
530,-92.6654,33.2391
714,-90.6581,34.5555
788,-92.454,35.5623
1065,-93.6145,33.6813
1105,-92.2147,34.787
1114,-92.1019,35.8686
1147,-92.6024,36.2769
2203,-94.2167,36.3644
2431,-91.7509,35.2455
2575,-92.5006,35.0728
2587,-92.04,34.9776
2741,-94.171,36.3543
2742,-94.1619,36.1744
2743,-92.2321,34.8334
2744,-94.3755,35.3625
2745,-94.1223,36.0888
2997,-94.175,36.0729
3032,-94.4859,36.2595
3033,-94.4526,36.4149
3034,-94.3307,35.9718
3168,-92.463,35.0925
3230,-92.4948,34.6246
3231,-94.3018,35.2217
3331,-92.0061,34.1772
3479,-94.1242,36.3131
4168,-91.9064,35.0672
4460,-92.3933,34.8311
4686,-94.2249,36.3378
5244,-92.4893,34.811
5260,-94.1512,36.2788
5433,-93.0543,34.6496
5666,-92.304,34.759
5706,-92.4094,34.7483
5737,-94.2094,36.0771
5738,-94.0921,36.164
5783,-92.4055,34.8516
5822,-94.1837,36.3089
5837,-94.1854,36.2966
7368,-94.2144,36.3575
1149,-109.731,32.8325
1175,-111.6645,35.1765
1218,-111.712,32.8771
1230,-110.0183,34.2019
1240,-110.2605,31.5576
1291,-110.8394,32.2336
1299,-111.9967,34.7119
1324,-110.9332,31.3667
1325,-110.963,32.2875
1328,-110.7004,35.0419
1334,-110.8357,33.4127
1364,-114.368,34.5745
1369,-111.3243,34.2456
1370,-114.597,35.084
1381,-111.5719,33.415
1411,-110.9824,31.9121
1417,-112.4083,34.5541
1442,-111.486,36.9045
1474,-114.6017,32.6748
1512,-111.8547,33.3377
1532,-112.1847,33.6365
1533,-112.233,33.5797
1549,-112.2234,33.4703
1598,-111.9816,33.6385
1612,-111.0003,32.1342
1646,-111.699,33.3916
1746,-111.968,33.3494
1846,-109.5594,31.339
2051,-114.033,35.222
2112,-111.8903,33.508
2113,-112.092,33.5219
2482,-111.876,33.4346
2512,-112.0974,33.6376
2515,-112.0017,33.4788
2554,-112.3383,33.4599
2657,-111.9473,33.3038
2671,-111.838,33.2892
2766,-111.8935,33.6251
2767,-111.7324,33.4493
2768,-111.8051,33.3798
2777,-112.358,33.6428
2778,-111.5224,33.0001
2922,-111.0167,32.3443
3049,-110.8423,32.1934
3142,-111.0492,32.3387
3143,-110.8063,32.2203
3241,-112.2348,33.6514
3314,-112.219,33.5386
3315,-112.1502,33.6555
3316,-112.2553,33.4804
3357,-110.9097,32.2509
3360,-111.7916,33.2793
3377,-111.0265,32.1328
3379,-110.938,32.4262
3407,-112.5594,33.4321
3465,-112.27,33.5099
3604,-112.3619,33.4933
3730,-112.3407,34.5918
3751,-111.5773,33.1718
3771,-112.135,33.3907
3799,-111.8388,33.3803
3807,-110.3157,31.9705
3833,-111.6007,33.3842
3844,-112.1705,33.5657
3845,-112.202,33.5804
3846,-111.7701,33.4517
3861,-111.6864,33.3213
3884,-110.9188,32.2233
3896,-112.279,33.6848
4060,-111.9299,33.4147
4218,-112.393,33.6232
4232,-111.979,33.5969
4233,-112.202,33.7127
4252,-111.6139,35.1996
4264,-110.9772,32.3508
4293,-112.03,33.378
4324,-111.8081,33.3071
4325,-114.4942,32.6694
4336,-112.3374,33.6098
4337,-114.785,32.5081
4430,-112.005,33.0315
4451,-111.632,33.2513
4473,-111.0132,32.2932
4543,-114.277,34.1565
4603,-110.874,32.2063
5031,-111.0893,32.3562
5124,-112.1817,33.5515
5186,-111.7393,33.3049
5189,-112.1693,33.4958
5190,-112.1128,33.7093
5257,-111.7198,33.4238
5303,-112.4815,34.5574
5304,-111.7728,33.3804
5329,-112.1502,33.8688
5330,-112.1319,33.5268
5331,-112.2235,33.4205
5332,-111.8147,33.4527
5342,-114.648,32.6829
5349,-111.6542,33.3636
5369,-112.3983,33.4573
5428,-111.7397,33.3846
5429,-112.4205,33.6123
5626,-110.9533,32.1855
5768,-111.928,33.3938
5799,-110.7708,32.1902
5835,-111.9627,33.7966
5858,-110.7813,32.0891
1554,-121.274,38.0234
1555,-115.577,32.8131
1563,-118.1701,34.6922
1574,-119.0292,35.2988
1575,-121.5733,39.4968
1583,-120.081,36.975
1587,-121.037,37.6732
1588,-117.3542,34.4656
1600,-117.6733,35.6071
1608,-122.2324,40.1622
1615,-121.868,38.009
1616,-120.6376,40.4089
1624,-118.961,35.3914
1630,-122.646,41.6997
1645,-119.6762,36.3217
1651,-122.2521,38.1834
1660,-118.1446,34.6093
1692,-117.3063,34.0502
1693,-117.223,34.0651
1697,-121.3916,38.4117
1700,-117.035,32.9597
1704,-121.959,38.3647
1747,-117.2273,33.8187
1755,-122.714,38.3511
1756,-117.428,34.1057
1760,-121.168,38.6702
1789,-121.303,38.1132
1805,-116.2811,33.7072
1815,-119.861,36.8106
1826,-119.272,36.3255
1832,-116.487,33.8131
1840,-121.2185,37.7856
1853,-117.0082,33.727
1859,-115.4972,32.6964
1862,-117.3721,34.072
1877,-119.0449,36.0836
1879,-116.992,34.884
1881,-121.3945,38.7128
1882,-119.6344,36.5774
1899,-117.2853,33.9385
1903,-121.654,39.1447
1910,-124.19,41.7731
1912,-117.52,33.891
1914,-117.195,34.1365
1915,-116.394,34.1294
1917,-116.99,32.8424
1922,-117.5287,34.1055
1941,-117.8258,34.1163
1963,-120.874,37.508
1972,-121.768,37.6993
1979,-122.616,38.931
1983,-120.9399,37.582
1988,-121.2877,38.7873
1989,-120.465,34.6628
1992,-117.679,34.1061
2001,-119.718,36.7366
2002,-121.5513,37.0085
2025,-121.4649,37.7548
2028,-117.455,33.9369
2030,-120.364,37.9736
2031,-122.067,37.6046
2032,-119.159,34.2218
2039,-120.502,37.318
2044,-121.8051,39.7233
2048,-122.0342,38.2776
2052,-123.219,39.137
2053,-122.2178,39.5257
2054,-120.806,38.3578
2077,-117.296,33.6626
2082,-118.0608,33.8724
2094,-117.217,33.1726
2099,-120.681,35.616
2110,-118.145,33.9023
2117,-120.8788,37.054
2119,-121.921,37.4314
2150,-117.034,32.5833
2161,-121.887,37.6981
2177,-117.114,32.8054
2190,-121.741,38.6754
2206,-117.714,33.562
2218,-117.6711,33.6796
2226,-118.3523,33.8552
2242,-117.9381,33.8363
2245,-117.288,33.2427
2251,-117.9321,33.9983
2253,-116.9019,32.8227
2277,-119.7169,36.8102
2280,-122.11,37.4008
2288,-117.758,34.0293
2291,-117.0941,32.6507
2292,-117.9086,34.1049
2297,-118.5692,34.3834
2333,-117.2233,34.5256
2401,-117.985,34.1358
2418,-120.8285,38.7039
2457,-121.292,38.596
2458,-121.65,36.718
2479,-117.0535,32.7416
2494,-117.3471,33.1813
2495,-117.994,33.7676
2507,-120.4201,34.92
2517,-117.917,33.7381
2523,-117.866,33.9107
2524,-121.799,37.256
2526,-118.5669,34.2776
2527,-117.6061,33.4537
2536,-119.331,36.2251
2537,-122.3431,40.5839
2546,-117.835,33.8253
2553,-122.79,38.5286
2556,-120.5978,35.128
2557,-119.0955,35.3863
2568,-118.4495,34.2226
2598,-121.506,38.6355
2609,-118.158,33.8323
2621,-118.7918,34.281
2636,-117.9867,33.7002
2648,-122.178,37.7147
2697,-121.762,37.9634
2708,-117.0951,33.4804
2735,-121.434,38.4984
2826,-116.2154,33.6992
2842,-117.5413,33.8459
2886,-118.1028,33.9867
2925,-122.283,38.309
2948,-118.0499,33.9407
2949,-118.1895,33.7734
2950,-118.0426,34.5562
2951,-118.0979,34.6925
2952,-117.1925,33.5533
2960,-118.3357,34.0103
2985,-119.8071,36.8396
2989,-121.943,37.5113
3022,-121.2924,38.004
3023,-121.7727,37.3135
3025,-121.9887,37.2916
3026,-116.4008,33.728
3046,-120.9766,37.6643
3047,-120.8475,37.5156
3084,-117.0663,33.132
3086,-118.2439,34.0609
3087,-119.179,34.1755
3090,-121.2404,38.7846
3099,-118.0387,33.8457
3101,-117.995,33.8328
3123,-121.9855,37.3903
3131,-117.3742,34.1228
3133,-117.9491,34.0464
3147,-118.7079,34.2756
3179,-118.9098,34.1865
3180,-118.1876,33.9545
3248,-117.966,33.9147
3276,-117.336,34.1655
3352,-121.3736,38.0498
3455,-122.3284,37.9801
3464,-117.7191,33.9966
3477,-118.0906,33.8294
3493,-122.1123,37.9963
3494,-117.1235,33.1357
3516,-116.965,32.6276
3522,-117.9623,34.0719
3523,-118.5003,34.4189
3524,-116.9684,32.8042
3555,-117.5577,34.0063
3587,-121.2023,38.8026
3650,-119.2099,34.257
3652,-121.5515,38.5906
3712,-121.294,38.6914
3796,-117.6723,34.0828
4127,-121.7879,38.6809
4134,-117.9911,33.775
4169,-116.9366,32.7976
4173,-118.0735,33.8301
4238,-119.5779,36.7057
4309,-121.223,38.6791
4340,-117.3717,34.4255
4392,-117.3959,34.512
4488,-121.801,36.6931
5007,-121.9511,38.3509
5023,-117.0993,32.6748
5032,-117.991,33.8464
5072,-118.3002,33.8567
5075,-117.2978,33.1771
5096,-116.385,33.7983
5133,-122.2889,40.437
5134,-119.1,35.3066
5136,-121.5745,39.1274
5139,-121.8195,38.4679
5140,-117.0092,32.7776
5152,-118.625,34.1879
5154,-118.0823,34.0505
5156,-116.9467,33.9259
5162,-118.576,34.4441
5164,-118.083,33.9183
5192,-121.3299,38.7035
5193,-117.181,33.936
5215,-119.2474,35.7449
5230,-121.3839,38.6089
5305,-117.0805,32.6102
5335,-115.55,32.9598
5337,-119.6951,36.8389
5338,-117.1639,32.8303
5394,-119.3983,36.5453
5425,-116.956,33.7667
5426,-121.9847,37.5203
5434,-122.132,37.6883
5435,-121.8587,37.3301
5457,-122.1982,37.74
5600,-117.6014,33.6408
5601,-117.9871,33.6557
5603,-118.1479,33.9282
5604,-118.3624,33.9002
5605,-118.4488,34.2346
5606,-121.7636,38.6614
5608,-121.9959,38.3446
5609,-122.2544,38.1264
5610,-121.9291,37.7293
5611,-121.8769,37.69
5629,-124.1904,40.7807
5633,-119.6809,36.8071
5634,-119.7308,36.8362
5635,-119.3301,36.3407
5637,-117.3749,33.2
5638,-117.1445,32.7059
5639,-117.9424,33.801
5640,-117.9084,33.8194
5641,-117.9349,33.9162
5642,-118.1593,34.1872
5643,-119.1788,34.237
5644,-117.834,33.699
5658,-120.4195,34.9189
5659,-120.4527,34.9479
5661,-118.0133,33.9186
5664,-119.0781,34.219
5683,-121.3923,38.4107
5684,-117.0077,32.7751
5685,-118.7408,34.2797
5687,-117.7417,33.657
5688,-118.1633,33.9702
5690,-117.2419,34.1347
5691,-117.63,34.1084
5701,-120.0437,36.7327
5710,-120.992,37.6946
5751,-121.666,36.6981
5766,-121.6546,37.1505
5843,-121.1422,37.4629
5848,-121.4166,38.3926
5874,-118.3535,33.8278
5884,-121.88,37.2555
5886,-117.2659,33.0692
5890,-120.609,37.3408
5930,-117.9198,33.8575
5938,-117.0893,32.5869
5954,-117.8874,34.0733
5956,-119.3104,36.2967
5979,-121.2919,38.8886
5980,-121.225,38.7424
5981,-121.3248,38.6625
5982,-121.399,38.617
5996,-117.0624,33.1298
842,-104.6096,38.3139
869,-105.9032,37.4805
905,-105.0492,40.1583
921,-106.028,38.5215
924,-103.235,40.6258
953,-105.0399,40.4072
962,-104.521,37.1383
966,-108.562,37.3466
980,-104.716,40.387
984,-104.8646,39.4116
986,-106.095,39.5874
1001,-104.6649,38.2323
1008,-105.0769,40.4596
1019,-105.1918,38.448
1045,-105.1032,40.005
1058,-107.8654,38.4616
1095,-107.323,39.5291
1199,-106.5166,39.6347
1200,-104.7704,38.8375
1208,-105.14,39.7663
1231,-104.985,39.8765
1252,-104.911,39.5626
1273,-104.7209,38.7261
1280,-108.5286,39.0777
1308,-105.0834,39.6362
1384,-103.592,37.9996
1434,-104.84,38.8242
1492,-104.8262,39.702
1550,-106.926,38.553
1659,-104.8258,39.9718
1689,-104.8102,39.612
1808,-106.83,40.4825
1896,-104.794,38.9519
2125,-105.0809,39.7407
2223,-105.0567,39.8681
2270,-107.885,37.2692
2293,-105.327,39.7011
2672,-102.603,38.0884
2729,-105.0548,40.5862
2751,-104.9948,39.6561
2752,-104.9281,39.8045
2892,-104.7683,39.5139
3019,-104.975,39.855
3020,-105.1628,39.8145
3021,-104.9146,39.6759
3082,-104.7585,38.8084
3083,-104.7468,38.843
3096,-105.2551,40.0353
3125,-105.0349,39.6106
3126,-104.7941,39.6253
3127,-104.8114,39.7862
3128,-104.8887,39.6903
3175,-104.7555,38.8928
3176,-104.7928,38.8575
3177,-105.0795,40.5213
3227,-104.849,39.0566
3313,-104.857,39.5951
3382,-104.7703,38.3428
3533,-104.8972,39.7697
3566,-104.879,39.6518
3582,-104.7217,38.8563
3805,-105.0436,38.9803
3824,-105.053,39.8273
3867,-104.9888,39.9421
4196,-104.8114,39.6735
4284,-105.0814,39.7228
4288,-105.0466,39.917
4335,-104.6081,38.9394
4377,-107.572,40.5142
4567,-104.903,39.9289
4599,-104.99,40.5245
4639,-104.624,39.3605
5002,-105.0902,39.6084
5033,-103.8036,40.2628
5049,-105.1514,39.6074
5051,-104.754,40.4232
5099,-108.5856,39.0796
5123,-104.7215,38.9416
5137,-104.705,39.6062
5232,-107.7695,39.524
5334,-104.7734,39.7614
5341,-105.1452,39.9264
5370,-105.1016,40.2036
5458,-108.0513,38.753
5676,-105.0213,39.6776
5957,-105.0614,39.7776
1891,-72.538,41.8067
1980,-71.8893,41.9234
2022,-72.1764,41.741
2144,-73.0815,41.8191
2163,-73.1134,41.2914
2170,-72.1225,41.5049
2200,-72.0651,41.3699
2232,-72.8308,41.2814
2282,-72.607,41.9196
2284,-73.028,41.4706
2299,-72.7119,41.6055
2303,-72.7478,41.784
2305,-72.9377,41.6873
2331,-72.157,41.3696
2371,-72.8107,41.4775
2585,-73.1156,41.2015
2719,-72.8976,41.6976
2854,-71.9887,41.5871
2896,-73.0523,41.3134
2897,-72.8721,41.6213
2898,-72.3816,41.2967
2899,-72.8538,41.8122
2900,-72.6559,41.6823
2954,-73.4182,41.1585
2965,-72.7185,41.6634
3543,-73.4135,41.4106
3544,-72.6753,41.2882
3545,-72.9178,41.3738
3546,-73.4198,41.552
3547,-73.4487,41.0962
3548,-73.0074,41.5652
3803,-72.9778,41.2707
5095,-72.7119,41.7398
5294,-73.0316,41.239
5439,-72.8774,41.3202
5777,-71.9135,41.7969
5941,-77.012,38.9009
5968,-77.028,38.9617
1736,-75.5705,39.2115
1741,-75.4352,38.9294
2419,-75.1292,38.7281
2460,-75.5892,38.6675
2555,-75.622,39.6535
2791,-75.4015,38.7022
3802,-75.7268,39.4522
5039,-75.5412,39.1055
5436,-75.6188,39.7338
174,-80.7535,28.3948
488,-84.5935,30.5564
528,-82.53,27.4478
538,-82.3388,29.6772
547,-82.1189,27.9859
551,-81.6686,29.6583
563,-81.2803,28.9119
579,-81.3256,29.8562
580,-81.8444,27.9042
582,-81.0235,29.1161
613,-81.1092,29.2608
623,-81.9019,26.6818
649,-80.8449,28.5559
666,-81.497,27.5129
697,-82.1688,29.1586
705,-81.6731,28.8177
706,-82.1898,28.2705
713,-82.1869,28.342
718,-81.816,28.0601
721,-82.1397,27.0139
725,-81.639,28.1267
759,-81.8137,27.5729
767,-82.6781,30.1799
769,-82.4049,27.0493
771,-80.6656,28.3564
778,-82.012,26.8938
779,-81.9571,27.9992
800,-81.899,28.8425
811,-81.8265,27.2059
814,-80.8298,27.2219
817,-81.4587,28.3018
818,-85.8049,30.1799
819,-81.9395,26.6197
857,-81.2842,28.7616
859,-81.5544,27.8927
860,-81.3029,29.0611
890,-81.2194,28.5673
908,-81.4236,28.4482
919,-86.6415,30.4409
925,-82.3022,27.9816
929,-80.2873,27.2655
931,-80.4432,27.6367
941,-82.2708,27.8919
942,-81.5328,28.5502
943,-81.3234,28.6353
944,-86.5672,30.7279
955,-81.4678,28.6504
956,-80.5818,28.1368
959,-82.1416,28.6676
960,-82.4546,29.0611
967,-82.6279,28.4588
968,-81.7235,28.0041
973,-80.3787,27.4188
974,-80.6483,28.0361
977,-81.4563,30.6475
987,-81.8708,26.527
988,-82.4671,28.1829
990,-87.1163,30.6021
994,-82.6693,28.2057
1004,-82.6163,27.4622
1029,-82.5501,28.7624
1032,-85.6464,30.2265
1068,-80.4785,27.8268
1077,-84.2208,30.4276
1079,-80.9924,29.0153
1081,-82.3741,29.6261
1082,-81.6277,30.177
1083,-81.7529,30.3047
1084,-81.3128,28.505
1085,-82.7186,28.2813
1086,-81.3147,28.2527
1087,-80.2184,27.1579
1090,-81.7513,30.2483
1104,-82.3926,28.8577
1119,-81.7627,26.1252
1134,-86.1251,30.7046
1171,-82.5047,27.3893
1172,-81.4626,30.2847
1173,-81.5627,30.2836
1182,-81.2199,29.553
1203,-82.3296,27.7169
1205,-82.1074,30.2637
1207,-85.591,30.1594
1213,-82.5036,28.5333
1219,-81.7053,30.4523
1220,-81.4604,28.5168
1222,-87.2716,30.5274
1223,-84.2283,30.5425
1224,-87.1912,30.4965
1225,-81.7688,30.1378
1245,-81.9749,28.1198
1283,-82.1305,29.9194
1297,-82.8701,29.5023
1349,-80.2543,26.168
1362,-86.4497,30.3896
1374,-81.4211,28.66
1375,-85.1906,30.7272
1387,-80.2032,26.2747
1390,-82.6878,27.8458
1391,-81.03,29.1735
1398,-80.1143,26.5749
1408,-84.3605,30.4591
1436,-80.1426,26.6495
1444,-81.5441,30.3413
1482,-82.5589,28.0269
1501,-82.5027,28.0858
1511,-80.2504,25.9935
1513,-82.7405,28.0938
1517,-80.0962,26.2934
1541,-80.2008,26.6905
1589,-80.1244,26.4362
1590,-80.2958,25.9355
1605,-87.2771,30.4385
1680,-80.4485,25.6853
1702,-80.6713,28.1219
1712,-82.7878,27.927
1845,-80.3106,26.0621
1847,-82.0655,29.21
1851,-80.2215,26.207
1874,-82.3087,26.9337
1916,-80.2022,26.3182
1957,-81.8033,26.2745
1960,-82.5044,27.9565
1996,-80.1239,25.9878
2081,-82.7314,27.9864
2091,-80.3356,25.787
2114,-85.5497,30.7529
2151,-80.3178,26.1478
2176,-80.1284,26.9326
2237,-81.6645,26.6144
2387,-82.3273,27.9224
2406,-80.0719,26.4258
2459,-82.4519,27.2905
2484,-80.9511,26.7537
2499,-81.5066,28.4958
2533,-87.0634,30.39
2591,-80.3882,26.0078
2626,-82.965,30.3243
2627,-82.4285,28.068
2695,-81.73,28.5257
2727,-80.475,25.454
2740,-82.3551,28.1545
2789,-80.0944,26.5313
2796,-82.6758,28.0438
2814,-80.3255,25.8585
2843,-81.9645,28.9608
2881,-81.3842,28.3436
2920,-81.7069,30.1012
2962,-80.1555,26.2302
2963,-80.2744,26.3033
2987,-80.2532,26.0663
3011,-80.121,26.5313
3013,-82.73,27.8401
3066,-82.5503,27.3667
3075,-85.6679,30.1876
3104,-80.1316,26.3029
3119,-85.8661,30.2181
3161,-82.7361,27.7577
3162,-81.3756,28.512
3183,-80.4603,25.4846
3207,-81.3305,28.8037
3235,-80.1712,25.9283
3307,-84.361,30.2169
3308,-81.8361,30.0996
3309,-81.629,30.2803
3310,-81.1633,28.8706
3311,-80.2443,25.9535
3347,-81.6409,27.9772
3348,-80.0866,26.7958
3349,-82.0458,27.0239
3370,-82.5607,27.5218
3372,-82.7266,27.9131
3387,-82.2158,27.0366
3397,-80.2064,25.934
3415,-82.7435,28.1471
3417,-81.697,26.0572
3439,-86.8374,30.41
3463,-82.263,27.9384
3474,-82.4918,27.5001
3484,-87.3577,30.3603
3526,-82.4061,28.5387
3527,-80.4018,27.3124
3538,-80.7219,28.2325
3617,-81.2022,28.5331
3625,-80.2055,26.163
3702,-81.645,30.4808
3782,-81.288,28.4773
3785,-87.2799,30.396
3817,-81.1495,28.5348
3862,-81.0671,29.248
3877,-82.3036,29.6637
3887,-81.5146,27.6171
4141,-82.7636,27.8936
4142,-81.3127,28.5049
4160,-81.4165,28.526
4211,-81.4516,28.6112
4260,-80.4033,27.2625
4262,-82.0373,28.929
4332,-81.4797,28.4402
4354,-81.7664,26.2073
4368,-82.0245,29.118
4380,-80.2674,26.2415
4425,-81.4913,28.5502
4427,-84.3184,30.4889
4444,-81.5554,30.1766
4446,-80.1033,26.7606
4498,-80.2524,26.2882
4520,-84.2165,30.4602
4560,-80.1504,26.7102
4588,-81.4167,28.5704
4595,-80.2701,26.1493
4617,-80.1062,26.2145
4667,-82.7743,27.9869
4669,-82.6816,27.8345
4681,-82.5164,27.892
4690,-82.6778,27.7728
5034,-81.8166,26.6119
5035,-81.974,27.9344
5036,-82.5499,28.0633
5037,-81.5443,30.624
5054,-81.4905,30.3209
5055,-81.6902,26.1521
5106,-81.21,28.6134
5132,-81.2783,28.6482
5172,-83.5816,30.1067
5179,-81.2759,28.5398
5218,-82.6794,27.7337
5220,-82.5066,28.0207
5221,-82.454,28.0329
5250,-81.4427,28.146
5255,-82.5992,28.0045
5264,-82.486,27.1932
5266,-82.699,28.338
5299,-81.6741,28.3543
5300,-82.3543,27.8475
5301,-80.1101,26.6927
5321,-81.9063,26.5551
5325,-80.2029,26.2373
5326,-82.2815,29.0542
5365,-80.6722,28.1718
5366,-80.6224,28.0563
5391,-81.7431,26.2725
5420,-81.4852,28.3424
5451,-82.0065,26.5787
5453,-81.9847,26.6458
5455,-80.6454,27.9977
5615,-80.3529,25.8818
5622,-82.3187,27.8935
5623,-87.1685,30.3654
5670,-82.7479,27.9585
5727,-82.457,27.4391
5758,-80.1476,26.6214
5759,-80.1485,26.5874
5760,-82.4757,27.9451
5772,-82.4866,28.8914
5817,-81.5623,30.3537
5818,-81.6079,30.1841
5819,-81.6245,30.1225
5820,-81.7755,30.1002
5826,-82.2702,27.9253
5831,-82.83,27.8814
5845,-86.4616,30.5171
5846,-81.4352,28.3066
5854,-80.3341,25.7494
5871,-81.3983,28.4744
5872,-86.2887,30.3765
5875,-81.4054,28.382
5876,-82.751,28.0202
5882,-80.084,26.6307
5894,-81.2601,28.6179
5911,-80.0641,26.4931
5912,-80.3763,25.5709
5932,-80.3183,26.0053
5945,-80.2917,25.866
5997,-81.4148,28.428
6400,-82.6616,27.7525
6986,-82.7878,27.927
3,-83.4563,34.2478
459,-83.829,33.6107
494,-84.7431,33.3964
510,-83.8507,34.2917
518,-84.4653,34.256
520,-83.7566,33.9907
548,-83.9966,33.9715
555,-82.9684,32.5484
556,-82.3167,31.1913
575,-84.4846,34.0872
588,-84.2099,31.6238
593,-82.8508,31.4869
594,-84.4377,33.4807
605,-81.0827,31.9868
606,-81.0033,32.0422
614,-85.0289,33.0588
615,-84.7822,34.2041
618,-84.754,33.8937
635,-81.2562,32
639,-81.4858,31.2127
658,-85.1998,34.2836
669,-84.9286,34.7657
686,-83.2482,31.6902
722,-85.0743,33.5416
727,-85.2369,34.0439
745,-84.2599,33.5538
754,-81.7604,32.4351
756,-85.3147,34.5184
758,-84.2122,32.0712
780,-83.7421,33.7957
787,-84.4138,33.5612
836,-81.6198,30.7787
843,-84.1985,31.2345
855,-84.5413,33.5732
856,-85.1457,33.7206
858,-84.2181,30.9028
862,-81.6012,31.8231
864,-82.3629,32.2039
878,-84.1319,34.1799
889,-83.9472,30.8595
899,-83.3196,30.8259
907,-83.9429,33.0428
932,-84.2992,33.2696
937,-84.5571,34.0193
952,-83.7618,31.1701
1006,-83.7633,31.9621
1011,-81.2341,32.2854
1018,-83.1805,32.177
1024,-82.3284,32.5904
1047,-84.3383,33.5905
1061,-82.5874,31.8644
1070,-84.4885,34.6397
1072,-83.5449,31.4434
1076,-83.6125,32.8608
1111,-82.914,34.3551
1112,-84.3328,32.9135
1121,-83.261,33.1178
1122,-83.279,34.5483
1143,-82.8121,32.9519
1153,-83.7181,32.8102
1181,-84.4922,33.9081
1184,-84.1239,33.824
1215,-84.9384,34.4791
1227,-82.0866,33.5008
1293,-82.0599,33.4229
1311,-84.9459,32.5405
1314,-83.99,34.0883
1338,-84.9139,32.4687
1340,-84.1697,33.7027
1363,-83.4764,33.5582
1367,-83.6731,32.6188
1373,-84.1111,33.9057
1400,-83.4449,33.9189
1403,-83.532,34.5364
1458,-85.2079,34.9384
1488,-84.7564,33.7324
1578,-84.3316,34.0431
1586,-84.5898,33.856
1658,-82.5006,33.4815
1701,-82.8466,34.0947
1720,-84.0083,33.8864
1766,-84.4241,34.0252
2154,-84.1488,33.9705
2360,-84.3332,33.9333
2376,-84.4219,34.0615
2475,-83.9972,33.649
2513,-83.9783,34.5351
2584,-84.2055,33.8561
2615,-83.2885,30.8813
2630,-81.8678,31.6212
2732,-84.9355,33.7202
2733,-83.7391,32.4726
2753,-83.4086,34.8527
2754,-82.0262,33.1057
2811,-83.3083,33.9338
2860,-81.2432,32.1432
2890,-83.7686,32.8804
2941,-84.274,34.0938
2988,-85.2719,34.7447
3008,-84.4134,33.7554
3067,-84.1953,33.8952
3068,-84.5733,33.9239
3070,-84.27,33.9422
3071,-84.2192,33.8834
3072,-84.034,33.8531
3074,-84.0857,33.9218
3116,-84.5267,34.0329
3186,-84.2951,34.0695
3188,-84.1955,33.7999
3201,-84.1818,33.4301
3205,-84.6028,33.7747
3388,-84.0263,33.9371
3389,-84.0467,33.8074
3401,-84.4694,33.5882
3402,-84.2314,33.5057
3403,-84.7287,33.9341
3461,-84.6,33.4007
3462,-84.0507,34.0368
3471,-84.658,34.0285
3485,-84.0024,34.8603
3570,-82.1492,33.5518
3609,-84.2934,33.6359
3611,-84.6338,33.8693
3621,-84.3109,33.8876
3627,-83.8753,34.2317
3709,-84.3112,33.7184
3710,-84.2681,33.7572
3741,-84.5079,33.7295
3748,-84.6979,34.0487
3750,-83.612,32.5917
3775,-84.4116,33.8055
3786,-83.9194,34.0771
3874,-84.0383,34.3645
4088,-83.336,32.4006
4143,-84.1665,33.7235
4144,-82.0691,33.4679
4200,-84.8729,32.5404
4283,-84.9525,32.5195
4409,-85.0377,34.0134
4436,-84.2503,34.1498
4472,-84.0844,33.695
4556,-81.1738,31.9811
4558,-83.9592,33.5772
4616,-83.7601,34.5793
5010,-84.4231,33.6576
5151,-85.1327,34.2195
5173,-84.9985,34.7871
5252,-83.9024,33.8385
5275,-84.5836,34.1129
5363,-84.326,33.4484
5390,-84.5193,33.9478
5392,-82.3602,31.7663
5422,-84.5673,30.8877
5482,-83.3867,33.2972
5709,-84.1215,33.3576
5735,-82.1956,33.4813
5786,-84.4612,34.4773
5797,-84.0868,31.5788
5813,-82.0916,33.5492
5815,-84.5881,33.8821
6180,-84.3898,33.7769
6592,-81.198,32.141
6763,-81.8341,32.3915
2126,-158.011,21.455
2308,-159.37,21.9858
2314,-158.0372,21.3934
2321,-155.986,19.6292
2473,-155.0621,19.7002
3290,-156.4571,20.8821
3478,-157.8482,21.2997
3883,-158.0781,21.3456
5274,-157.9793,21.4053
559,-91.0322,41.4536
581,-92.9113,42.0086
646,-91.2628,42.0994
647,-92.7291,41.7218
748,-93.0129,41.6972
749,-93.6227,42.0521
750,-91.8953,42.4498
751,-92.9342,41.4131
753,-92.4505,42.4983
784,-91.54,40.9788
797,-91.1568,40.8132
810,-93.283,43.146
841,-91.1266,41.7825
886,-94.1532,42.5066
892,-93.5852,41.7052
913,-91.8048,43.2605
985,-91.9931,41.0075
1005,-92.4767,42.7013
1152,-96.176,43.0469
1241,-90.5076,41.575
1285,-92.4608,41.0134
1361,-96.3636,42.4336
1389,-93.8802,42.0361
1393,-92.6726,41.2948
1415,-95.123,43.4233
1431,-91.4107,40.4179
1435,-94.373,41.0475
1475,-91.6639,41.2961
1491,-93.5569,41.3697
1496,-92.3311,42.4611
1506,-91.478,42.4823
1509,-90.6643,42.0481
1526,-95.1988,42.664
1528,-91.6815,42.0341
1546,-93.2601,42.5022
1621,-92.8653,40.7094
1625,-96.1854,42.7793
1683,-95.383,40.7443
1721,-91.5513,41.6458
1723,-93.5972,41.5378
1732,-95.3719,42.0219
1764,-93.7173,41.5999
1787,-94.8931,42.0787
1965,-95.8504,41.2257
2004,-90.7362,42.4884
2714,-95.1513,43.1264
2716,-91.7186,41.9468
2764,-93.5059,41.6443
2827,-91.6084,41.6959
2889,-90.2433,41.8164
2935,-93.1071,41.3052
3394,-94.9897,41.3998
3590,-96.3741,42.5337
3630,-91.5512,42.0345
3762,-93.803,41.5601
4256,-93.6102,42.0173
4606,-93.8,41.0233
5115,-90.6215,41.5604
5748,-93.7703,41.6861
1878,-111.777,43.8369
1900,-113.79,42.56
1902,-111.9826,43.4826
1905,-112.358,43.1986
1995,-112.4647,42.9107
2485,-116.545,48.3157
2508,-116.2837,43.5904
2780,-116.6442,43.6334
2781,-116.5715,43.5474
2782,-115.6663,43.1361
2831,-114.5172,42.71
2861,-116.279,43.668
2862,-116.3494,43.6194
3093,-116.4007,43.5894
3094,-116.276,43.6344
3472,-116.9362,47.7131
3511,-116.7939,47.7504
3739,-116.5082,43.6037
3897,-114.48,42.5928
4249,-116.1766,47.5464
4395,-117.0282,47.7043
5494,-112.0498,43.4965
5869,-116.9783,46.7184
196,-89.1898,37.7336
197,-90.6394,40.458
198,-88.9571,38.6269
199,-89.4003,40.1571
200,-90.2689,39.7216
201,-89.9277,38.5202
213,-89.6676,39.1829
216,-88.9617,37.7434
222,-89.7033,38.1377
224,-88.9573,38.3133
233,-89.2222,37.4644
237,-88.5347,37.7305
252,-89.2367,37.9982
253,-90.3184,39.1036
254,-88.0901,38.7431
256,-89.9526,38.7753
262,-88.9389,37.9981
302,-89.2833,37.7604
317,-89.1325,38.9671
328,-90.1529,38.358
334,-89.8932,39.2701
343,-89.3152,39.5696
352,-89.8072,37.9238
361,-90.0174,38.675
422,-87.7233,39.0076
435,-89.6841,38.7603
436,-89.374,38.6285
454,-88.3875,38.3778
460,-89.085,39.39
480,-90.7997,39.5966
481,-88.3388,39.4822
487,-88.9761,40.1489
506,-88.496,38.6821
550,-87.6994,38.7269
596,-89.0277,37.7841
603,-89.5949,40.5414
612,-88.1549,39.4859
633,-89.9244,41.2204
636,-89.4668,41.3967
747,-90.1664,38.5561
775,-90.3828,40.974
786,-88.7309,41.9482
792,-90.7319,41.1986
796,-89.1227,41.3731
798,-87.6923,39.4157
830,-89.6888,41.7636
833,-88.1867,38.0755
844,-88.4188,41.386
852,-88.8421,41.3777
891,-89.6418,41.8206
933,-89.0543,41.9342
936,-88.5635,39.1384
957,-90.1572,41.4338
1003,-88.5634,41.6529
1028,-89.5878,40.6819
1071,-90.068,38.8683
1093,-88.1813,40.3056
1125,-88.9511,40.5155
1211,-88.6105,42.4062
1228,-88.0676,42.3972
1256,-88.1423,41.5189
1307,-87.8478,41.1893
1323,-89.6158,40.7282
1377,-88.2722,42.3697
1386,-88.6586,40.873
1395,-89.1587,38.5343
1401,-88.2047,41.7591
1404,-88.0869,42.186
1413,-88.2843,42.2117
1418,-89.9524,38.5952
1420,-88.1477,42.0157
1421,-89.4552,40.7033
1451,-90.3937,39.9982
1454,-91.3364,39.9373
1489,-87.9492,42.2386
1490,-88.9734,42.2662
1497,-87.7367,41.5008
1531,-88.2553,42.0909
1548,-87.695,40.7759
1553,-88.1031,41.9365
1556,-87.8442,41.5997
1596,-88.0663,41.6955
1602,-89.7103,39.7521
1668,-87.9666,42.3883
1681,-87.9191,42.0675
1690,-88.953,39.8994
1713,-90.0329,40.5936
1734,-88.2547,40.1468
1735,-87.9527,42.1528
1737,-87.9628,41.8718
1740,-89.6289,42.264
1761,-90.1416,38.7364
1779,-87.8005,41.7066
1814,-88.3387,42.003
1818,-88.3683,41.7658
1848,-88.0552,41.829
1892,-87.8632,41.7776
1897,-88.0434,42.0017
1898,-88.2608,41.9237
1933,-87.9087,41.9047
1938,-87.7455,41.7657
1955,-89.0345,42.315
2204,-87.8178,41.8617
2215,-88.0002,41.7488
2231,-90.4753,41.4696
2430,-87.6608,41.8086
2491,-87.6298,40.1826
2728,-88.8798,39.8189
2815,-88.0003,42.0535
2816,-87.7688,42.015
2817,-87.5544,41.592
2934,-87.6818,39.6024
2956,-88.2031,41.5499
3039,-87.6349,41.8965
3065,-87.6479,41.9481
3210,-89.6043,39.8406
3255,-88.2554,40.0489
3400,-88.3213,41.695
3434,-88.4177,42.2986
3459,-89.0426,40.4874
3460,-89.6332,40.7968
3597,-88.8182,42.2389
3601,-87.7342,41.6483
3602,-89.6429,39.7458
3725,-87.8355,42.0565
3790,-88.0175,41.594
3837,-89.0223,42.4543
3891,-87.8994,42.3433
3893,-87.8677,42.4662
4259,-88.8272,39.4075
4286,-88.3732,41.7208
4323,-87.8614,41.0808
4405,-88.2899,41.8143
4511,-90.4038,41.4959
4529,-87.9535,41.5148
4531,-88.126,41.608
4641,-88.4296,42.1524
4695,-90.1944,38.9666
4699,-88.8347,41.1521
5038,-88.2055,41.6528
5044,-90.4523,42.438
5060,-88.3368,42.1554
5157,-89.4643,40.6284
5199,-88.0597,42.4685
5276,-88.0178,42.1379
5352,-88.3417,41.863
5398,-89.1158,42.315
5399,-89.4758,41.8282
5402,-87.7429,41.9117
5403,-88.1678,40.1138
5404,-87.6335,41.5405
5442,-88.034,41.9498
5485,-87.6862,41.7218
5486,-87.715,41.5856
5617,-87.743,41.9347
5645,-87.6443,41.9349
5646,-87.6906,41.8519
5647,-87.6426,41.8805
5781,-87.6329,41.7414
5965,-87.5988,41.6965
492,-87.5047,38.6629
566,-87.3092,38.0489
617,-87.4241,39.1022
828,-86.3746,39.7109
854,-86.4813,40.2794
870,-86.9367,38.4247
884,-85.7535,39.5162
902,-86.8251,39.6451
922,-86.1278,38.2366
923,-86.001,40.0304
995,-86.0692,39.5054
996,-86.7838,39.2902
1002,-87.1321,39.0377
1013,-87.429,39.6559
1026,-86.5178,38.8675
1033,-85.863,38.9587
1141,-85.7684,39.8129
1142,-85.782,38.6945
1157,-85.6388,39.0144
1160,-84.9203,39.0513
1162,-87.1847,38.6323
1180,-85.476,39.361
1262,-85.4427,39.6293
1263,-87.4737,37.9811
1275,-86.4785,40.0714
1294,-85.6725,40.4803
1304,-85.8554,41.2708
1310,-87.4015,39.3996
1327,-85.3781,38.782
1329,-86.3128,40.7593
1341,-87.6369,37.9778
1356,-86.4135,39.4135
1371,-85.8771,39.2069
1378,-85.8061,41.5703
1388,-85.225,41.4458
1419,-85.1352,41.1291
1425,-85.493,41.1702
1459,-86.1421,39.6603
1476,-85.7532,38.3262
1479,-87.1084,41.4625
1480,-84.9671,40.1658
1487,-86.8918,41.6672
1518,-86.2183,39.9105
1547,-86.8272,40.4135
1557,-86.022,39.9275
1566,-85.9,41.6182
1570,-85.0772,41.3658
1576,-87.4675,41.4927
1580,-85.9766,39.7736
1601,-86.1237,40.0066
1618,-87.3059,41.4723
1629,-87.0977,39.5316
1639,-86.2183,41.0478
1647,-84.9379,40.8098
1655,-86.9022,40.0164
1665,-85.432,40.2183
1667,-85.8356,40.8191
1676,-86.7552,37.9302
1709,-84.9981,41.66
1728,-85.6514,40.0639
1729,-85.1368,39.6836
1745,-84.8505,39.8325
1758,-85.3883,39.8866
1783,-87.6045,38.3566
1804,-85.1933,41.0722
1962,-86.106,40.4772
1978,-86.3295,41.3622
1991,-86.5796,39.1417
2020,-87.1533,40.9238
2276,-86.6931,41.6215
2311,-85.5122,40.8985
2339,-86.9286,40.4549
2388,-84.9908,40.4403
2544,-87.1728,41.551
2563,-86.4679,38.5611
2678,-86.1835,41.7149
2679,-85.9734,41.7221
2680,-86.291,41.7264
2691,-85.8196,38.3161
2771,-86.7788,40.7458
2786,-86.355,39.7653
2787,-86.1222,39.888
2788,-86.3933,39.858
2818,-87.4846,41.5933
2819,-85.1664,40.7719
3435,-86.0798,39.6342
3436,-86.2532,41.6266
3529,-85.9748,39.8903
3747,-85.3688,40.159
3781,-86.2469,39.8388
3851,-86.8584,40.3659
4216,-85.9542,39.1978
4230,-85.1679,41.1767
4231,-85.1195,41.0149
4235,-87.336,39.4366
4399,-86.0599,41.6875
4417,-86.3299,39.6433
4631,-87.5207,41.6935
5025,-85.0068,41.1303
5372,-87.5111,37.9571
5406,-86.0262,39.828
5408,-86.1204,39.7121
5443,-86.0824,39.6943
5728,-87.3938,37.9637
5767,-86.0021,39.9794
5804,-86.2633,39.7786
7266,-87.5675,38.3553
26,-94.93,39.2689
35,-96.5588,39.1896
39,-94.7062,37.8084
42,-95.5794,37.0439
43,-96.8173,39.0223
72,-94.7024,37.4347
111,-95.451,37.654
186,-96.8899,37.8177
208,-94.7399,37.0061
242,-94.8541,38.5707
341,-96.6051,39.8432
342,-95.5614,39.8461
346,-96.97,37.6916
368,-95.2562,37.3648
369,-96.9952,37.2269
370,-97.3733,37.2735
372,-100.0357,37.7684
378,-95.7483,39.4608
382,-95.266,38.5799
419,-98.7128,37.6455
484,-95.2578,38.924
486,-94.8799,39.086
557,-96.2178,38.4251
558,-97.6133,38.785
577,-94.7581,38.8814
592,-97.2761,37.5667
652,-100.8365,37.9863
664,-99.3192,38.9011
770,-98.7859,38.3613
794,-97.8923,38.0702
799,-100.924,37.0692
978,-97.0427,37.0899
993,-97.6281,38.3678
998,-94.6195,39.0436
1054,-95.1292,39.5406
1099,-97.3313,37.6483
1151,-94.8298,39.132
1187,-95.3829,37.9237
1214,-101.0554,39.3645
1221,-97.4134,37.6748
1282,-97.6609,39.5485
1507,-97.2422,37.7389
1599,-94.6639,38.9149
1691,-94.698,38.99
1802,-95.7625,39.0402
2131,-95.6935,39.0006
2428,-97.3363,38.022
2490,-94.6411,39.0356
2562,-101.728,39.3329
2855,-94.773,39.0116
2893,-95.7323,37.2235
3103,-97.5502,37.6617
3155,-97.2425,37.5327
3273,-94.6675,38.8401
3283,-97.4631,37.7218
3492,-97.2034,37.6789
4198,-94.8003,38.853
4321,-97.3746,37.784
4475,-94.8372,38.886
4611,-94.8491,39.0268
5180,-94.6658,38.9407
5207,-94.6688,38.9655
5219,-95.3097,38.9736
5307,-94.892,38.809
5308,-94.713,38.9939
5441,-95.6729,39.0911
5855,-97.4647,37.6951
5856,-97.39,37.6928
5860,-97.2246,37.6632
5873,-97.2813,37.7096
5990,-97.365,37.7215
5991,-97.3543,37.6378
106,-88.8987,36.5151
143,-88.3649,36.8687
204,-87.9225,37.1099
257,-87.9036,37.6889
282,-86.5738,36.6991
294,-87.1468,37.2619
299,-86.4351,36.9516
333,-86.8836,37.432
410,-88.3147,36.623
430,-88.6292,36.7263
431,-88.5652,37.0513
445,-86.2758,37.4816
491,-88.6828,37.0767
493,-84.275,38.2036
497,-85.265,38.2037
507,-84.9104,38.035
519,-84.8443,37.7427
526,-85.5458,38.3014
545,-83.7702,37.1375
552,-82.795,37.1175
569,-85.3353,37.0776
571,-84.5383,38.2288
584,-84.6008,38.6812
589,-85.6676,38.0879
591,-84.3075,38.3808
653,-87.4715,36.8186
655,-87.4732,37.3253
665,-85.3649,37.3386
689,-84.6212,37.0671
692,-84.7874,37.6447
693,-83.3602,37.5516
694,-87.5671,37.8589
696,-82.7833,37.6558
701,-87.1236,37.7198
702,-84.2109,37.9877
709,-85.8826,37.7302
711,-85.9353,37.0209
719,-84.276,37.7319
720,-84.8975,38.1602
729,-85.4331,37.7999
736,-86.9206,36.8482
739,-83.7057,36.6214
760,-86.4434,37.7679
825,-84.6474,37.5475
1048,-84.1639,36.7272
1053,-85.3825,38.3927
1113,-84.0996,37.1111
1139,-83.4752,38.2026
1140,-83.952,38.0728
1165,-85.9402,37.8411
1170,-85.8663,38.1027
1189,-83.8685,36.8584
1190,-84.3152,37.5695
1210,-84.562,37.8992
1233,-82.822,37.8249
1234,-84.8482,36.8578
1247,-83.2688,37.2591
1259,-84.1016,36.9738
1269,-85.5832,38.2161
1426,-82.658,38.4856
1505,-82.5411,37.5057
1510,-84.6504,39.0109
1569,-83.7866,38.6223
1675,-85.2817,37.5547
1743,-83.3138,36.8147
1961,-84.4194,38.9996
2060,-84.4455,37.9998
2548,-82.2715,37.658
2628,-84.5296,37.9774
2638,-82.7186,38.3868
2654,-85.6856,36.7164
2783,-84.4776,38.0706
2967,-84.5306,39.0266
2968,-85.1339,38.6586
3294,-85.5846,38.1411
3362,-87.4419,36.6661
3363,-87.0645,37.7562
3610,-85.8659,38.1754
3841,-85.7212,38.2121
3894,-84.4226,38.038
4413,-84.5008,37.9666
4450,-85.5131,38.2464
4461,-82.6275,38.1025
4523,-85.5472,38.2439
4524,-85.8341,38.1573
4607,-84.5719,38.0048
5183,-85.5669,38.1876
5236,-86.4841,36.9875
5297,-85.6451,38.2521
5417,-85.7783,38.1273
5418,-85.6676,38.2001
7259,-84.5588,38.2098
23,-92.6296,32.5411
75,-92.407,31.3742
87,-93.2503,32.6267
98,-91.8692,32.7742
116,-93.985,32.8566
149,-92.7076,32.2269
170,-93.0754,31.7537
244,-92.6569,31.9502
278,-93.7113,32.4302
307,-92.1486,32.5014
309,-92.0901,29.9689
310,-92.3648,30.2333
311,-91.5127,29.8133
312,-92.2502,30.6791
323,-93.6853,32.0499
331,-93.3239,30.2344
376,-93.7055,32.5479
386,-92.6627,30.2419
401,-91.2549,30.2637
402,-91.9137,30.2928
405,-93.2685,31.1215
415,-91.9462,30.1407
428,-91.1462,30.6472
448,-93.8685,32.4489
450,-93.8168,32.3863
469,-93.1795,30.1957
485,-91.013,30.0977
489,-90.4928,30.5028
498,-92.1066,31.6747
502,-90.2592,29.3846
505,-93.2858,30.8652
521,-93.1806,30.2697
531,-92.0749,30.1809
532,-90.908,30.235
533,-91.8155,29.9862
534,-92.0142,30.2431
539,-92.4519,31.2785
540,-91.2749,29.6801
541,-90.0809,30.4443
542,-90.7508,29.6088
543,-92.0652,30.5196
553,-89.7483,30.2815
761,-90.553,29.6933
773,-92.4369,30.4962
803,-89.8624,30.7886
839,-91.091,30.462
876,-93.5107,31.5781
909,-89.9841,29.9589
911,-90.0957,29.8771
935,-90.9564,30.4712
961,-90.4943,30.0734
976,-91.7265,32.1787
989,-90.2291,30.0047
1016,-90.8181,29.8094
1102,-91.1266,30.5802
1106,-91.4667,31.5754
1107,-92.6718,30.8011
1108,-91.3808,32.8597
1109,-91.7605,32.46
1110,-92.3916,32.768
1128,-92.0602,31.0963
1136,-91.2168,30.4205
1163,-90.0194,29.9079
1169,-93.4603,32.9851
1193,-92.0958,32.5246
1196,-91.4586,30.6847
1204,-93.2495,30.1968
1206,-91.1414,30.4193
1266,-91.0074,30.4379
1342,-90.2691,30.0239
1353,-90.1792,29.9498
2132,-91.0616,30.3805
2665,-89.828,30.3089
2706,-90.0606,29.8981
2822,-90.8614,30.4789
2913,-90.3708,29.9057
2938,-92.0032,30.1782
3042,-90.0854,30.4719
3288,-91.0285,30.543
3483,-90.7006,29.587
3616,-90.5278,30.727
3703,-90.2376,30.0206
3868,-93.7041,32.4883
4129,-90.4543,30.4439
4295,-92.5232,31.2995
4659,-91.1597,30.3938
4679,-90.957,30.5642
5022,-90.0709,29.9245
5056,-90.9851,30.3328
5327,-91.0806,30.4312
5328,-91.016,30.408
5722,-90.0455,29.8616
5832,-90.0774,30.3728
1906,-70.8876,41.6448
1918,-71.4651,42.1161
1967,-72.5075,42.1381
1970,-71.5624,42.3738
1984,-73.1073,42.6781
2012,-71.879,42.1729
2021,-71.0321,41.9046
2095,-70.6756,41.7614
2103,-71.2149,42.142
2118,-71.7596,42.5949
2122,-71.0297,42.1212
2128,-70.8466,41.9973
2139,-70.961,42.4487
2155,-71.9943,42.5515
2157,-71.0078,41.642
2158,-71.6557,42.2846
2174,-72.7083,42.1084
2180,-70.9676,42.5544
2184,-71.3251,41.7953
2222,-71.2609,42.6209
2227,-70.9685,42.0963
2228,-73.1955,42.4673
2267,-71.7825,42.3553
2329,-72.2846,42.5882
2336,-70.7179,41.9552
2341,-70.986,42.2362
2366,-71.3499,41.9334
2386,-72.2733,42.2431
2629,-71.7001,42.1077
2640,-70.9351,42.4943
2660,-71.113,42.5705
2683,-72.5573,42.3524
2797,-72.0601,42.128
2901,-72.6418,42.3406
2902,-71.3948,42.3001
2903,-71.3605,42.6229
2904,-71.0566,42.0981
2953,-71.2201,41.7561
2964,-71.7257,42.4919
3200,-70.9441,42.2004
3409,-71.9425,42.2478
3491,-71.1649,42.7431
3560,-71.158,41.6724
3561,-70.5939,41.5609
4387,-71.7915,42.2334
5278,-72.5744,42.1723
5380,-70.8426,42.1477
5448,-71.0846,41.935
1674,-77.7509,39.6562
1715,-76.0566,38.7727
1716,-76.5912,38.5408
1717,-76.8951,38.6391
1860,-75.7912,39.6041
1867,-76.984,39.5855
1875,-76.6458,39.1451
1890,-75.5676,38.416
1893,-76.7201,38.9376
1968,-76.1738,39.4976
1981,-76.506,38.296
1985,-76.8042,39.0976
2009,-76.3147,39.4621
2027,-78.8432,39.635
2045,-76.5098,39.3792
2233,-77.4089,39.399
2248,-76.7511,39.2818
2272,-76.0528,38.5531
2279,-76.6058,39.1901
2290,-76.7666,39.4061
2357,-77.2522,39.1988
2412,-76.8207,39.2828
2435,-76.4984,39.2855
2436,-76.9482,39.4053
2514,-75.5568,38.0751
2551,-77.1614,39.365
2560,-75.1624,38.3395
2577,-76.6376,39.4662
2756,-77.3873,39.4459
2799,-76.8892,38.7723
2850,-76.8683,39.6372
2853,-76.9825,38.5506
2894,-79.3979,39.4025
2931,-75.6141,38.3288
3481,-76.4008,39.3365
3489,-76.4878,39.3373
3490,-76.7321,39.1556
3507,-76.6087,39.2577
3720,-76.6694,39.2484
3780,-76.387,39.4991
3804,-76.7818,39.3659
3843,-75.8219,38.8745
5129,-76.908,38.9429
5228,-76.8198,39.1958
5344,-76.5802,39.395
5345,-76.6603,38.7619
5450,-75.9509,39.6093
1788,-70.3441,43.623
1797,-69.1359,44.0937
1856,-68.7477,44.8407
1866,-70.1586,44.6306
1868,-70.238,44.1177
1919,-68.5246,45.3559
1924,-68.013,46.7001
1932,-68.3957,44.525
1939,-69.9078,43.907
1954,-70.751,43.4141
1974,-67.8425,46.1431
2013,-69.6354,44.5623
2046,-69.7902,44.343
2047,-69.2947,44.8374
2143,-69.7318,44.7856
2153,-70.4894,43.4702
2178,-67.2787,45.175
2183,-70.5131,44.1727
2202,-70.4487,43.8384
2659,-70.2344,43.7208
3269,-70.5164,44.5385
5076,-68.7322,44.7743
1422,-84.6677,43.406
1423,-84.5565,42.9693
1428,-84.7562,43.5693
1432,-85.3953,44.2831
1540,-86.2503,42.406
1542,-84.6882,45.0274
1592,-83.0048,43.817
1593,-84.9693,41.9346
1611,-82.4605,43.0496
1642,-84.8058,42.5813
1719,-85.5027,43.6872
1733,-84.1381,42.9979
1752,-83.895,43.6244
1754,-83.8785,42.5855
1771,-85.4272,41.7801
1790,-83.3971,41.951
1791,-85.9763,43.4702
1798,-83.385,43.5013
1809,-84.6511,41.9672
1824,-83.6502,42.2282
1836,-84.0436,41.8745
1923,-85.6928,43.0364
1928,-83.7633,43.0012
1936,-84.3795,46.4656
1942,-86.0909,42.8087
1987,-83.2985,43.0512
2010,-86.248,41.7957
2014,-84.6766,44.2974
2061,-85.6728,42.4494
2062,-86.4186,42.0816
2079,-87.4589,46.5486
2080,-85.1785,42.2603
2100,-84.4793,45.6293
2102,-86.4007,43.9559
2192,-88.5927,47.1044
2238,-86.2018,43.2054
2273,-83.5984,43.021
2338,-85.6351,44.7241
2354,-83.1965,42.6438
2358,-83.4752,45.0633
2417,-84.974,45.3499
2434,-88.0442,45.8092
2493,-85.521,42.9142
2522,-87.0776,45.7524
2558,-83.0543,42.6212
2559,-83.0327,42.538
2567,-85.7803,42.8815
2618,-83.4426,42.5581
2619,-84.239,43.6607
2620,-85.3206,42.6478
2631,-83.3367,42.3665
2644,-84.0303,43.4335
2692,-82.8573,42.6312
2693,-83.7425,42.7904
2700,-83.4674,42.6605
2866,-84.4071,42.7287
2867,-84.5217,42.7657
2869,-84.6726,42.7382
2872,-83.4887,42.2247
2873,-83.1729,42.5441
2912,-83.2679,42.2534
2959,-82.9279,42.5094
3328,-85.2845,43.1783
3336,-83.2282,42.1353
3476,-83.4328,42.3239
3487,-83.0107,42.6724
3632,-82.8555,43.4187
3726,-83.65,42.9399
3791,-85.6571,41.9434
3876,-86.2647,43.1914
4243,-83.7768,43.1754
4383,-83.2096,42.3314
4424,-83.0273,42.5087
4540,-84.0777,42.648
4584,-83.7456,42.6316
4660,-82.9376,42.6268
5048,-83.6129,42.5151
5064,-85.4967,42.3387
5065,-85.6848,42.2897
5097,-83.9757,43.4748
5159,-84.2223,44.2524
5160,-84.433,42.2473
5280,-85.6,42.1948
5376,-83.506,44.2755
5386,-86.2186,43.0435
5411,-85.0774,42.9306
5444,-90.129,46.4705
5472,-83.735,42.1883
5761,-83.4908,42.2686
5842,-83.21,42.2018
5844,-83.3403,42.429
5893,-83.47,42.4816
982,-93.2489,44.0973
983,-94.097,43.6534
1020,-93.3255,43.664
1038,-93.5054,44.0902
1470,-95.0336,45.1031
1472,-92.8937,44.7409
1473,-93.9497,44.1663
1562,-93.362,45.2073
1577,-93.8755,45.1901
1609,-93.5301,47.2025
1627,-96.7239,46.8815
1632,-95.3899,45.8502
1633,-94.1885,45.5925
1634,-94.3348,45.9765
1654,-94.249,46.3443
1657,-93.303,44.2913
1696,-96.123,46.2902
1722,-95.7668,44.4325
1738,-94.3764,44.8741
1757,-92.1839,46.817
1786,-93.162,44.8287
1855,-93.4313,44.8563
1858,-95.6898,44.9515
1861,-92.833,45.035
1864,-93.3855,45.1006
1865,-95.0877,44.54
1929,-92.4548,46.7011
1952,-93.2657,45.121
1971,-92.5114,44.077
1999,-93.3128,45.2204
2087,-93.0644,45.0494
2198,-93.2657,44.8609
2274,-92.9984,45.277
2352,-93.1923,45.572
2367,-92.9827,45.8208
2448,-92.9148,44.8101
2642,-93.2253,44.7345
2643,-92.8968,44.9464
2812,-92.462,43.9815
2820,-95.6005,43.6371
2882,-93.4942,45.1262
2937,-92.9417,47.4024
2957,-95.878,46.8275
3088,-94.2022,45.5511
3102,-93.5995,45.5704
3209,-93.554,45.303
3233,-94.915,47.4995
3364,-93.0783,44.8971
3404,-93.2217,45.0381
3498,-93.159,45.1664
3513,-93.4149,44.7815
3534,-92.5842,44.5678
3624,-93.802,45.2843
3758,-96.6089,47.7915
3760,-94.4962,44.3278
3761,-96.1504,48.111
3806,-94.4477,43.6795
4244,-95.037,46.9218
4246,-95.1257,46.4519
4253,-94.947,45.7207
4257,-92.9877,43.6845
4374,-94.4848,45.1187
5089,-93.0408,44.817
5397,-91.6183,44.0335
5437,-93.1612,44.9554
5625,-93.3178,45.0559
5976,-93.239,45.1799
5977,-93.2858,44.7812
5992,-93.2971,44.6503
9,-89.5822,36.858
13,-94.3101,37.1434
14,-92.6505,37.6628
15,-91.8725,36.7127
17,-94.3938,36.8406
19,-90.4086,36.7561
20,-93.7505,38.3648
21,-92.1474,37.825
25,-91.8886,39.1485
27,-91.5462,37.6362
29,-92.2166,38.58
30,-89.9975,36.8044
32,-93.2605,36.6405
34,-94.3274,37.8364
37,-90.4324,37.7886
40,-92.424,39.4456
44,-92.5857,38.3347
46,-93.4044,37.5988
48,-93.9104,36.9139
51,-91.9435,38.8708
56,-92.6735,36.9606
59,-94.4734,37.0728
60,-90.9743,38.9878
61,-93.7363,38.7775
65,-91.157,38.222
69,-90.3936,38.2109
78,-92.9395,37.3397
79,-94.5464,37.0852
80,-92.3725,38.9552
82,-89.8957,37.7056
86,-93.3109,37.248
88,-92.2615,37.1495
89,-92.723,38.0257
92,-93.717,36.9466
95,-90.5102,37.8819
96,-94.3656,38.6682
99,-90.9784,38.4334
101,-91.7776,37.9371
109,-94.2334,39.7531
122,-89.6365,37.366
135,-93.5562,39.7765
138,-93.2597,37.2408
145,-91.1895,39.3352
152,-90.5729,38.1529
156,-89.6697,36.1997
159,-92.2932,38.9546
166,-91.9787,37.3087
172,-90.9983,38.5397
173,-90.7766,37.93
179,-93.3509,37.1827
184,-94.2543,39.0258
188,-89.5825,37.3036
189,-92.581,40.2179
190,-90.037,36.2387
195,-94.2632,39.3315
203,-93.0687,39.7709
219,-93.2682,38.7076
234,-94.4608,39.2425
243,-90.879,38.814
250,-93.3713,38.2617
267,-94.4779,37.1334
295,-90.6479,38.5047
313,-90.5245,38.464
319,-94.4968,38.8123
325,-93.9634,39.2638
326,-93.7363,39.0772
337,-90.3214,37.5643
338,-94.3024,37.497
354,-91.4816,38.3552
357,-92.8591,38.4328
363,-93.2164,39.1115
379,-93.2295,37.0034
444,-93.2961,37.1534
451,-92.3238,38.9109
453,-89.9708,36.5708
560,-94.8158,39.8076
573,-94.3615,38.9303
609,-91.3932,39.7257
648,-90.589,38.7455
783,-92.4605,39.7553
801,-94.8722,40.3297
805,-90.4387,38.5098
815,-92.6158,38.1496
820,-92.7419,38.95
834,-94.0172,40.2622
837,-91.534,36.5244
845,-93.1063,37.64
871,-91.7061,37.0016
888,-94.3558,38.255
895,-91.4085,38.0736
914,-93.8883,36.6761
946,-90.7008,37.14
1009,-93.4592,37.1283
1014,-94.3669,39.0459
1021,-91.1412,38.8225
1094,-94.4613,38.985
1120,-94.5471,39.2255
1161,-90.528,38.7824
1177,-90.5067,38.5942
1188,-90.42,38.7451
1265,-90.2836,38.7664
1514,-90.3775,38.4382
2175,-93.3696,36.6975
2213,-90.2961,38.4944
2221,-93.2576,37.143
2600,-90.591,38.6657
2616,-90.7024,38.7942
2694,-90.4044,38.5631
2702,-93.3026,37.059
2856,-94.1258,39.0154
2857,-94.6563,39.2479
2955,-94.608,38.8838
2994,-94.8022,39.7354
3062,-93.3503,37.2042
3111,-93.2979,37.1318
4057,-94.4964,37.0833
4381,-93.2214,36.6668
4553,-94.442,39.0468
5149,-94.27,39.0376
5150,-90.333,38.6223
5261,-94.2779,36.5079
5313,-90.7861,38.7719
5477,-92.1112,38.5405
5692,-93.3432,37.1372
5693,-93.2612,37.1898
6933,-92.3272,38.9477
105,-88.501,34.9121
112,-88.8504,33.444
114,-88.5612,34.6768
115,-88.6576,33.5855
118,-88.4649,33.9728
153,-89.0325,34.4929
155,-89.9693,34.6281
164,-89.0241,34.2858
176,-88.9496,34.723
182,-91.0408,33.3694
183,-89.0842,33.1231
205,-89.127,32.7687
215,-89.7371,33.4732
239,-89.5669,33.0549
258,-88.7096,34.3089
273,-88.4009,34.2406
274,-88.2045,34.8043
303,-89.4572,34.7473
305,-89.5473,32.7258
347,-90.6598,33.4584
365,-90.0462,32.2865
391,-88.7401,34.2558
411,-88.9893,33.8947
495,-88.4364,33.5182
501,-89.1478,31.7081
699,-89.5085,34.3541
707,-90.5902,34.1835
708,-90.8943,32.3098
716,-90.2057,33.5228
785,-88.6313,31.6882
816,-90.4673,31.5793
848,-89.9961,34.9597
874,-91.3706,31.5525
875,-90.1343,32.4017
887,-89.23,31.3512
903,-90.2679,32.2901
916,-89.3794,31.319
954,-90.4093,31.8714
969,-89.0911,30.4255
970,-89.6598,30.5173
981,-88.68,32.3463
1025,-90.4739,31.2603
1059,-89.4843,32.3392
1066,-88.52,30.3802
1069,-89.1417,32.3389
1074,-89.8379,33.7816
1088,-88.9956,30.393
1168,-89.8147,31.2426
1192,-89.7469,31.8671
1195,-89.3811,30.3055
1260,-88.5969,30.9068
1271,-88.7509,32.3847
1346,-88.7602,30.4095
1468,-89.8981,34.3063
1530,-90.7123,33.7582
1710,-90.3087,32.3296
2715,-88.8979,30.4362
2717,-89.3203,31.307
2720,-90.1346,32.4704
2755,-90.0269,32.3504
2846,-89.8496,34.965
2939,-90.1557,32.2209
3059,-90.0722,32.5961
3528,-89.1518,30.8491
3593,-90.0358,34.962
5079,-89.1891,30.3357
5419,-89.9715,34.8238
1872,-111.9895,46.5917
1901,-112.508,45.966
1956,-108.5782,45.7559
2084,-111.0446,45.6954
2147,-114.0469,46.8315
2259,-114.288,48.2102
2455,-111.2973,47.5252
2607,-114.1206,47.6849
2608,-105.8066,46.4038
2923,-108.4694,45.8281
3259,-114.0387,46.8848
4247,-109.7347,48.5552
4412,-108.76,45.6666
515,-84.0051,35.1144
877,-80.563,35.0095
948,-81.2835,35.7025
1010,-79.7408,34.9177
1027,-80.6125,35.3957
1034,-81.5329,35.2755
1036,-81.9136,35.3387
1039,-80.6171,36.4768
1060,-81.6998,35.7272
1064,-81.529,35.9313
1096,-80.5903,35.9252
1097,-79.4163,35.1525
1127,-80.1043,34.9811
1131,-81.1776,35.9052
1132,-79.7928,35.6945
1133,-80.1757,35.3399
1155,-79.0057,34.664
1156,-80.859,35.5923
1166,-78.6205,34.6316
1179,-82.5122,35.4597
1191,-79.0809,36.0578
1197,-77.8108,35.9761
1209,-81.2416,35.4842
1217,-83.3554,35.1792
1236,-77.9444,35.3864
1237,-78.6417,35.322
1238,-78.9655,35.0707
1242,-82.4341,35.3468
1255,-79.4824,34.7622
1261,-78.8809,35.1247
1268,-78.72,34.3041
1287,-79.5032,36.0713
1288,-78.9869,36.3733
1290,-81.1915,36.1496
1298,-77.393,34.7801
1300,-77.0965,35.0994
1312,-78.9645,35.1813
1317,-82.5159,35.5774
1321,-78.3687,35.5241
1322,-80.2614,35.7942
1337,-80.8313,36.2776
1348,-77.9,34.143
1352,-77.9698,34.7401
1354,-77.0529,35.5587
1355,-76.807,34.7352
1372,-78.6594,35.7191
1379,-77.3894,35.573
1385,-81.1242,35.2624
1392,-77.8731,34.2436
1452,-80.7821,35.0967
1464,-80.9323,35.1457
1498,-79.8554,36.1355
1502,-77.6286,36.426
1527,-76.2929,36.2999
1552,-80.4595,35.6573
1558,-79.738,36.4901
1579,-78.6047,36.2777
1613,-79.986,35.9268
1614,-78.8415,36.0321
1641,-77.0666,35.8343
1661,-77.6444,35.2625
1662,-80.8694,35.8111
1663,-83.0109,35.4662
1664,-77.953,35.7388
1666,-80.7729,35.1997
1694,-82.032,35.6479
1751,-78.7069,35.8616
1767,-78.3748,33.9819
1774,-79.1312,35.4485
1795,-82.7039,35.2756
1816,-78.491,35.7957
1821,-80.6869,35.2108
1842,-79.9016,36.0564
1849,-80.2849,36.1954
1950,-76.968,36.2655
1953,-78.3169,36.0834
2000,-75.7206,36.0963
2005,-80.5911,35.4663
2058,-78.6077,35.8371
2134,-80.7552,35.3115
2137,-78.9991,35.9549
2247,-78.7825,35.7368
2256,-78.44,36.3365
2414,-78.7855,35.8018
2440,-83.202,35.3629
2472,-80.3371,36.0678
2496,-81.6582,36.1986
2500,-79.4048,35.3416
2573,-77.9815,35.4932
2580,-78.3501,34.9913
2704,-79.8234,35.8222
2730,-77.5472,35.8808
2749,-82.0499,35.9101
2772,-78.0294,33.942
2793,-80.0999,36.1093
2836,-78.7805,35.5931
2845,-79.4292,35.7322
2908,-79.7959,35.3584
2929,-78.9643,34.983
3007,-80.2654,35.473
3036,-79.3604,36.4335
3037,-77.6641,35.4448
3080,-77.4387,35.4765
3121,-80.2228,35.9662
3182,-79.0815,35.8598
3211,-78.1657,35.4714
3249,-78.6741,35.4152
3257,-79.0531,35.4594
3289,-81.4806,36.3884
3304,-79.6726,36.3863
3305,-79.9222,36.4081
3371,-80.8919,35.2251
3503,-80.0705,35.857
3595,-79.0557,35.0273
3612,-79.4036,36.0919
3626,-80.2621,36.0269
3658,-79.7551,36.1095
3700,-80.653,35.0781
3701,-78.0732,35.2107
3825,-76.9366,34.911
3864,-77.4559,34.751
3889,-78.8382,35.7132
4147,-78.8451,35.8181
4149,-80.7363,35.1619
4157,-78.8695,35.7866
4224,-81.2082,35.7238
4250,-78.8428,35.8642
4273,-78.0254,34.2101
4274,-81.0013,35.4564
4334,-82.5746,35.7056
4369,-78.9257,35.9502
4410,-81.3999,35.7834
4428,-82.5236,35.5134
4458,-78.8318,35.6357
4459,-77.938,35.9709
4477,-80.0291,35.9922
4484,-78.5692,35.8684
4499,-78.2951,35.8301
4564,-78.0626,35.4278
4574,-80.7308,35.3748
4594,-81.3402,35.4006
5013,-79.9642,36.0288
5014,-79.849,36.0389
5015,-79.1697,34.808
5017,-78.6881,35.0103
5024,-78.4219,35.4465
5046,-78.5038,35.6669
5063,-80.7367,35.1374
5085,-81.0344,35.254
5118,-78.7694,35.9064
5138,-78.5541,35.3773
5254,-78.537,35.9495
5292,-78.5631,35.7984
5298,-81.2231,35.2591
5320,-79.7999,36.0022
5346,-79.272,36.0799
5481,-80.9438,35.3257
5489,-79.1786,34.6761
5743,-78.5639,35.607
5747,-80.4695,35.2579
5787,-79.1752,35.0097
5851,-77.3084,35.5813
5879,-80.8314,35.3701
6997,-79.5834,35.8526
7162,-77.5646,34.448
7207,-76.6905,35.0383
7218,-77.0881,35.1254
1534,-100.7506,46.7939
1545,-97.0649,47.8871
1565,-103.627,48.1812
1567,-102.7874,46.9082
1581,-96.8671,46.8625
1636,-101.3022,48.1933
1649,-98.7177,46.8807
2033,-100.904,46.8463
3648,-100.7697,46.8625
3875,-96.6292,46.2801
4352,-96.8427,46.8019
4569,-100.433,48.8196
5806,-97.1147,47.9311
350,-97.5933,40.8281
418,-97.1753,40.1624
598,-99.0824,40.7368
637,-99.7448,40.7448
645,-97.4412,42.0254
774,-97.3284,41.4396
776,-96.4577,41.452
790,-100.647,40.1995
867,-103.6565,41.8774
885,-97.0994,40.8782
1326,-98.3872,40.9423
1332,-96.4274,42.4605
1460,-98.386,40.6243
1585,-100.7616,41.1211
1637,-96.0687,41.3193
1671,-96.0218,41.175
1943,-96.6814,40.8579
2432,-96.6838,40.7296
2579,-103.02,42.8273
2784,-96.7444,40.3034
2847,-95.9379,41.1577
3151,-95.9916,41.3007
3152,-96.0511,41.2809
3153,-96.1764,41.1918
3154,-95.9431,41.1169
3172,-95.9922,41.2121
3173,-96.0603,41.1778
3267,-96.1956,41.2344
3278,-96.5989,40.7364
3395,-98.3394,40.8871
3823,-96.6039,40.8455
4138,-96.1177,41.291
4209,-95.858,40.657
4322,-96.9419,40.641
4358,-96.0241,41.2434
4568,-96.1425,41.5268
4600,-96.1656,41.1424
5141,-96.178,41.2932
5170,-102.9473,41.1173
5361,-96.1114,41.2145
1698,-71.4791,43.0375
1749,-70.8791,43.2343
1753,-71.3299,42.898
1785,-71.4225,42.7277
1796,-71.6055,42.8222
1907,-72.5314,42.8124
1930,-71.111,42.8256
1975,-72.3285,43.3778
2055,-71.4798,43.2276
2057,-72.0402,42.7427
2130,-70.7891,43.034
2138,-72.325,43.6236
2140,-71.1067,44.0168
2142,-71.2391,42.8023
2246,-71.4849,42.9642
2330,-71.0131,43.3341
2369,-71.5767,43.4544
2398,-70.8096,43.1018
2399,-71.4384,42.9503
2634,-71.1887,44.4469
2639,-71.4384,43.5668
2681,-71.796,44.3095
2758,-71.7417,43.7691
3535,-71.0694,43.0317
3549,-72.287,42.9232
4389,-72.0257,44.1416
1742,-75.0467,39.7468
1807,-74.93,39.8069
1844,-74.2384,39.9757
1869,-74.9157,39.8961
1921,-74.2723,39.7016
1977,-74.1249,40.0727
2003,-74.4665,40.4619
2040,-74.8429,40.0478
2041,-75.5047,39.6121
2090,-74.5798,41.116
2108,-74.6518,39.4524
2109,-75.0357,39.4252
2171,-74.677,40.3031
2195,-74.2252,40.1325
2254,-74.7849,39.6485
2294,-74.8529,40.527
2497,-75.1476,40.6818
2503,-74.8425,40.8156
2518,-74.6343,40.1949
2569,-74.6532,40.8737
2582,-74.9213,40.6284
2604,-74.7392,41.0696
2633,-74.4413,40.5547
2651,-74.5831,40.5471
2825,-74.3009,40.448
2841,-74.7683,39.9783
2871,-74.979,40.0073
3236,-74.2938,40.2439
3266,-74.5527,40.2546
3291,-74.7084,40.8818
3292,-74.3002,40.6874
3337,-74.8728,39.0211
3339,-75.0441,39.4875
3422,-75.0916,39.8442
3443,-74.3119,40.9925
3469,-74.2476,40.613
3520,-74.042,40.7928
3562,-74.0939,40.8926
3598,-74.4573,40.8097
3774,-74.9642,39.6619
3795,-74.0141,40.8145
4153,-74.319,40.3744
4456,-75.0207,39.8562
5047,-75.0842,39.8921
5069,-74.7249,40.6133
5077,-74.4041,40.9072
5111,-74.4212,40.6393
5142,-74.0856,40.2241
5178,-74.5614,40.9072
5201,-74.3771,40.5316
5281,-74.2938,40.5358
5340,-75.0457,39.9381
5384,-75.208,39.4664
5414,-74.1792,39.857
5447,-74.1375,40.7477
5476,-75.1539,39.839
5752,-74.1009,40.8672
5867,-74.1055,40.6606
549,-103.161,32.7428
611,-104.5311,33.4578
806,-106.7499,32.3144
821,-103.1991,34.4382
824,-106.5492,35.1459
826,-108.1519,36.7678
829,-105.9997,35.6525
831,-106.586,35.0736
835,-106.5296,35.0795
850,-106.6082,35.1121
851,-105.5478,33.3594
868,-104.2211,32.3933
873,-105.5862,36.3875
906,-108.7652,35.5283
1306,-105.9581,32.8889
1357,-108.2478,32.7895
1380,-105.226,35.6249
1397,-106.6578,35.2036
1414,-106.7678,34.6961
2451,-106.5922,35.1047
2652,-107.8267,35.1244
2653,-103.3179,34.2001
2656,-106.067,36.0155
2924,-106.7038,35.1066
3317,-106.6891,35.1804
3385,-106.7225,35.0582
3423,-106.0327,35.621
3427,-104.4287,32.8481
3428,-108.228,36.7323
3596,-106.763,34.8159
3731,-106.572,35.3199
3732,-106.6987,35.2435
4201,-106.189,35.0724
4341,-107.248,33.1508
4601,-106.7481,32.3621
5155,-106.7851,32.2893
5166,-107.7451,32.2702
5430,-106.7121,35.0265
5491,-106.549,35.1069
5492,-106.8912,34.0642
5675,-106.5178,35.1095
1559,-115.063,36.1651
1560,-115.1216,36.0846
1584,-115.2425,36.1254
1648,-119.774,39.1125
1838,-115.245,36.2148
2050,-114.979,36.0403
2106,-119.782,39.5287
2189,-119.79,39.4824
2402,-115.8041,40.8396
2453,-118.8075,39.4767
2592,-115.163,36.2395
2593,-115.1241,36.023
2617,-117.746,40.9549
2837,-115.0577,36.2393
2838,-115.0321,36.062
2884,-115.2665,36.2776
3254,-119.8645,39.5364
3277,-119.757,39.4214
3350,-115.0624,36.1092
3351,-115.2028,36.2781
3354,-115.0479,36.0411
3355,-115.0787,36.1564
3356,-115.1197,36.0551
3408,-119.7572,39.1892
3473,-115.2059,36.159
3655,-115.325,36.22
3728,-115.1897,36.2005
3729,-119.7456,39.5827
3788,-115.2325,36.1598
3847,-114.0904,36.8015
4239,-119.8518,39.6155
4339,-115.115,36.2676
4356,-115.245,36.0624
4370,-119.216,39.6114
4557,-115.108,36.098
5070,-115.3001,36.0967
5101,-115.9932,36.2152
5258,-115.2245,36.2398
5259,-115.2238,36.1953
5269,-115.1527,36.0138
5306,-115.1801,36.2608
5423,-115.029,36.1964
5864,-119.7214,38.9235
1610,-77.7244,43.2146
1619,-77.625,43.0781
1673,-77.2408,42.8761
1677,-75.3074,43.0946
1705,-76.8338,42.9053
1731,-77.0209,42.8591
1744,-77.498,43.1905
1781,-76.2181,42.5678
1806,-74.3238,43.0609
1810,-73.8975,41.5307
1813,-77.0625,43.0511
1830,-76.547,42.9539
1831,-76.2388,43.1861
1835,-76.0091,42.096
1871,-75.9579,43.9773
1909,-78.9788,43.0943
1926,-76.4792,43.4643
1940,-73.6999,42.6426
1946,-74.8791,44.9238
1949,-79.3102,42.4569
1959,-74.3789,41.4554
1966,-77.7934,42.7984
1973,-79.2972,42.0975
1976,-76.8554,42.1586
1993,-77.9291,43.1968
1994,-73.4888,44.696
1997,-73.7647,42.753
2043,-78.1313,42.7592
2056,-73.7481,43.1015
2088,-78.2056,43.011
2092,-75.4564,44.7083
2093,-75.2258,43.1243
2097,-73.7631,42.2724
2104,-74.0715,41.5359
2107,-78.6969,43.1441
2116,-73.6795,43.3374
2120,-75.5281,42.4973
2135,-74.4634,42.6878
2146,-74.1883,42.9693
2152,-73.8471,42.6949
2156,-72.9472,40.8802
2159,-78.4731,42.0776
2164,-78.6935,42.4896
2166,-76.0604,43.0609
2210,-78.8121,42.982
2234,-75.4936,43.2291
2262,-75.0331,42.4478
2264,-73.9441,42.7857
2285,-74.9944,43.0228
2286,-73.081,40.8633
2326,-77.6687,42.3464
2351,-73.8798,42.2145
2355,-78.6977,42.9747
2370,-73.6413,42.7461
2405,-78.8706,42.7422
2415,-73.8946,42.7737
2424,-73.4368,43.8592
2444,-75.6649,43.0887
2504,-73.9882,41.9717
2531,-73.8668,41.3106
2547,-74.6803,41.6651
2581,-76.2688,43.0389
2583,-73.5786,40.6948
2586,-78.7784,42.9051
2637,-74.1467,41.3173
2785,-77.4358,43.0161
2844,-73.7483,42.8464
2859,-77.6884,43.1334
2874,-73.9457,42.8395
2905,-74.1072,41.1133
2906,-72.7046,40.9247
2911,-76.1427,43.2685
2915,-73.0782,40.9031
2916,-73.5445,40.7268
2917,-73.1859,40.8078
2992,-77.1018,42.1548
3221,-76.8677,42.3803
3280,-77.5992,43.195
3329,-75.0252,44.6641
3332,-76.4456,43.3242
3334,-74.3203,44.8463
3420,-73.601,40.7433
3441,-73.7648,41.0334
3577,-73.8477,42.6936
3583,-73.791,42.6063
3607,-78.2218,43.2366
3842,-77.3576,43.0669
4184,-73.5129,40.7264
4403,-73.6102,43.3165
4570,-74.3711,41.7422
4597,-78.8415,43.0568
5027,-78.6928,42.8832
5068,-73.4333,40.683
5202,-73.2906,40.8132
5240,-76.5138,42.4269
5242,-76.1147,43.1505
5282,-77.6448,43.2397
5293,-73.7262,40.6609
5295,-73.4206,40.7271
5497,-75.8455,44.0369
5498,-75.4834,43.7765
5732,-75.9469,42.1157
6949,-78.6969,43.1441
1239,-83.7158,40.1085
1264,-83.7638,40.328
1289,-83.7798,39.4523
1330,-84.1503,40.7519
1331,-84.1905,40.2882
1333,-84.6009,40.8515
1368,-83.5648,38.7846
1407,-84.1783,39.4548
1410,-84.235,40.0541
1416,-84.135,41.4087
1427,-82.9516,39.5743
1429,-83.1205,41.3711
1433,-84.5386,40.5559
1441,-84.3187,39.3109
1443,-84.2697,39.0904
1445,-82.9058,41.515
1448,-82.2783,40.8629
1463,-83.9688,39.6896
1478,-82.5242,38.4109
1495,-84.098,39.8639
1503,-84.109,39.6499
1504,-84.2087,39.6327
1519,-82.6259,39.0352
1521,-84.5916,39.2246
1539,-82.5913,40.7632
1564,-82.933,38.7534
1594,-82.4452,40.0294
1595,-83.3459,40.2369
1622,-83.2195,41.1082
1628,-82.6559,41.4047
1707,-80.5864,40.664
1718,-83.5942,41.0574
1724,-81.9168,40.5376
1750,-83.0882,40.584
1812,-81.9417,40.8476
1839,-82.2065,41.4301
1857,-81.3075,41.6788
1863,-81.4426,41.6413
1894,-81.8592,41.1618
1895,-81.632,41.1346
1911,-81.4892,40.9924
1913,-83.6501,41.3553
1927,-81.5193,41.3101
1937,-81.8631,40.2904
1986,-82.6133,41.2601
1990,-83.0736,40.266
2035,-84.619,40.1265
2063,-80.7738,41.0975
2073,-81.7543,41.4205
2078,-81.4224,39.4076
2098,-82.9163,40.0569
2115,-81.4742,40.4936
2124,-84.055,39.7726
2149,-82.4416,40.4025
2191,-84.5441,41.4616
2193,-80.6976,40.3733
2197,-80.7725,41.2757
2199,-80.8699,40.0744
2209,-82.0145,39.9758
2211,-80.6346,41.0268
2250,-84.4027,39.1488
2266,-81.8196,41.3463
2275,-84.7614,39.5216
2309,-84.3959,39.3434
2313,-81.3622,41.2536
2316,-81.8989,41.4185
2323,-81.4783,41.1651
2350,-84.133,41.606
2359,-80.747,41.8815
2361,-81.4334,40.8708
2362,-81.5389,41.5085
2400,-82.9711,39.3479
2426,-83.1501,39.9818
2429,-83.8334,39.947
2441,-84.6006,39.4256
2447,-84.6007,39.1279
2471,-83.1376,40.0742
2506,-81.2998,41.158
2541,-81.1462,40.9017
2542,-84.0388,41.0333
2572,-82.9983,39.1099
2605,-82.1734,38.8231
2613,-82.9572,40.8115
2666,-83.0034,39.8815
2725,-83.0158,40.1651
2726,-82.7869,39.9364
2910,-80.82,40.8992
2914,-81.5218,40.7677
2966,-81.727,41.0539
3206,-84.0657,40.7298
3250,-81.3877,41.3518
3251,-83.4592,39.5235
3262,-81.5757,39.994
3282,-82.4395,39.5387
3293,-81.2223,41.5887
3300,-84.1852,40.5479
3342,-84.2059,39.0197
3445,-83.6994,41.6166
3447,-82.9006,39.955
3486,-82.0597,39.3353
3502,-84.5074,39.3892
3515,-83.6204,39.2276
3571,-84.3269,39.4885
3580,-82.4249,40.0846
3581,-82.0412,39.8947
3608,-81.0758,41.8014
3641,-83.745,39.923
3656,-84.519,39.2962
3722,-81.3799,41.0987
3749,-84.4297,39.2494
3765,-84.2186,40.1513
3783,-84.1915,39.8428
3784,-84.2747,39.5634
3792,-82.6341,39.7373
3809,-83.2412,40.8347
3812,-83.09,40.0672
3840,-83.672,41.0572
3860,-80.6619,41.148
4255,-82.0646,41.3463
4285,-81.6913,41.4619
4342,-81.5334,41.4064
4479,-83.5939,41.5486
4609,-84.5966,39.2611
5028,-83.6127,41.6098
5029,-83.4593,41.6397
5030,-83.6771,41.6711
5066,-82.0169,41.4655
5082,-81.7421,41.3826
5083,-81.4405,41.5192
5104,-84.2026,39.71
5184,-82.8261,39.8549
5185,-83.1201,39.9273
5203,-83.4291,39.9071
5285,-81.3294,40.8343
5309,-82.2204,41.2661
5355,-83.6086,40.6478
5374,-84.6346,39.7971
5385,-84.363,41.3086
5387,-81.0829,41.4618
5409,-84.3304,39.8537
5410,-81.4219,40.7943
5466,-83.0425,39.8769
5471,-82.5101,40.6934
5499,-84.28,39.1595
5857,-82.9235,40.1112
10,-94.9766,35.89
12,-95.6291,36.2933
22,-95.3236,36.2922
28,-94.8761,36.9051
31,-94.6327,35.0956
38,-94.8035,33.898
41,-95.9358,36.7415
47,-94.8043,35.4489
49,-95.4928,34.0087
50,-95.1404,36.6319
63,-95.3975,35.9567
73,-96.1227,35.982
81,-94.6311,35.8076
90,-94.7679,36.5799
103,-96.9207,35.3867
108,-97.4223,35.8619
113,-97.9333,35.0142
117,-94.7399,34.025
121,-95.9619,35.609
123,-96.6545,35.2482
129,-97.1436,34.1938
130,-95.376,35.7701
132,-97.9367,35.8295
134,-99.3806,35.4078
136,-97.2983,36.8108
137,-97.0482,36.1246
139,-97.3685,34.9869
150,-99.3889,36.4235
151,-95.7423,34.918
162,-98.2622,35.0601
168,-95.8358,36.294
178,-98.6673,36.7975
207,-96.2742,36.1753
210,-96.3811,35.0869
212,-97.4811,35.2216
221,-97.7605,35.4911
225,-97.0044,34.5042
227,-97.9698,35.5096
231,-96.6337,34.7924
232,-96.1424,34.3661
246,-95.9881,36.3708
247,-95.9758,35.4394
269,-98.4222,34.6205
276,-95.1091,35.2538
277,-97.493,35.3225
324,-96.3959,35.8438
327,-94.7944,36.4213
340,-95.5342,35.4699
360,-96.7217,35.9866
374,-95.6808,36.0028
387,-96.8574,35.7106
389,-97.4247,35.6382
392,-98.6906,35.5236
472,-95.8149,36.0608
479,-99.3335,34.6644
499,-97.9338,36.3913
517,-97.7065,35.3916
544,-97.4257,35.4485
564,-97.6222,35.4625
576,-95.8859,36.1602
607,-99.0981,35.0158
622,-97.6524,35.5624
743,-97.5123,35.3917
823,-97.07,36.7377
838,-96.1178,36.1345
893,-97.5986,34.8361
894,-95.8829,36.0666
975,-96.4133,34.0004
992,-95.9578,36.0467
1043,-97.2488,34.7367
1056,-97.6038,35.2923
1116,-97.9678,34.5236
1278,-97.3018,36.2885
1295,-96.7657,34.0696
1437,-101.4878,36.7055
1597,-95.8868,36.0034
1626,-97.5463,35.6083
2393,-97.4771,35.3338
2394,-97.5457,35.4047
2395,-95.9479,36.0264
2734,-97.4229,35.2257
2803,-97.5132,35.6672
2804,-97.5383,35.526
2875,-97.6199,35.5383
2876,-97.4641,35.6534
2877,-97.638,35.5798
2878,-97.5305,35.3636
2880,-95.9033,36.0457
3275,-97.5319,35.639
3295,-95.7961,35.9884
3340,-95.9213,36.1321
3430,-97.3696,35.4938
3457,-95.8523,36.1172
3508,-95.7987,36.0317
3615,-97.5474,35.4932
4241,-97.1226,36.1157
4615,-96.0141,35.9865
4637,-95.7418,36.0647
5071,-98.4746,34.6306
5093,-95.9753,36.0983
5286,-97.5474,35.5645
5314,-97.5302,35.4207
5805,-97.4921,35.2483
5840,-95.83,36.2783
5863,-97.3897,35.4624
1772,-121.76,42.1932
1775,-122.901,44.5167
1784,-122.987,44.9646
1793,-122.88,45.1481
1817,-119.287,45.8506
1834,-123.302,42.4375
1843,-123.174,45.2302
1876,-121.539,45.7117
1880,-124.252,43.3895
1889,-118.058,45.3355
1920,-123.026,44.8786
1925,-124.0545,44.6569
1951,-116.939,44.0274
2069,-122.8562,42.3106
2075,-121.317,44.0236
2243,-121.171,44.2923
2315,-123.307,44.9314
2320,-123.043,43.8002
2422,-122.831,45.8475
2477,-123.371,43.233
2492,-118.809,45.6687
2538,-123.093,44.0908
2552,-122.5749,45.4914
2927,-122.421,45.5409
3050,-122.8285,45.4589
3097,-122.7626,45.4859
3144,-122.6258,45.4103
3146,-123.2589,44.5868
3178,-122.4079,45.4927
3239,-122.988,44.0575
3258,-123.169,44.0461
4178,-123.0468,44.0702
4221,-123.0692,45.522
5368,-122.9947,44.9163
5396,-123.0504,44.6274
5424,-122.8108,42.471
5440,-122.575,45.4503
5627,-122.4722,45.4888
5839,-122.8593,42.3669
5899,-122.6798,45.5954
5993,-122.8527,45.5355
5994,-122.6419,45.3863
5995,-122.7392,45.3978
1529,-76.6736,39.9752
1537,-77.2027,39.8441
1568,-80.4515,41.2501
1591,-76.7744,40.2605
1607,-77.6266,40.5778
1623,-75.8585,41.2385
1640,-77.8958,40.8087
1644,-76.8791,40.9916
1656,-80.2102,41.6199
1670,-75.9727,40.3386
1684,-78.4471,40.0233
1739,-80.2217,40.1828
1765,-79.0726,40.0522
1769,-78.7375,41.1277
1770,-80.1053,40.6873
1777,-75.8398,40.2942
1792,-78.5629,41.391
1794,-76.496,41.017
1820,-79.5475,40.8127
1823,-76.9751,39.8235
1850,-77.6111,39.9231
1883,-80.3097,40.6736
1884,-75.6424,41.4653
1885,-79.9425,40.8765
1886,-77.027,40.2471
1887,-76.9187,41.2623
1935,-78.8302,40.3015
1945,-77.0674,41.785
2008,-80.1147,41.1682
2019,-79.7535,39.9039
2023,-76.3902,40.349
2024,-75.948,41.5226
2049,-78.4079,40.4581
2059,-79.5926,40.3068
2064,-74.7206,41.3544
2068,-74.8184,40.1407
2096,-75.0821,40.196
2129,-78.4008,41.0324
2141,-75.1414,39.9265
2145,-75.4884,40.644
2167,-75.6333,40.0224
2169,-75.7336,40.8164
2185,-76.8465,40.8237
2205,-76.7727,39.968
2230,-77.8085,40.8292
2236,-75.3957,40.2849
2252,-75.2817,40.7139
2255,-76.0148,40.987
2263,-75.6596,40.2517
2278,-80.0825,42.0567
2281,-79.9402,40.3474
2287,-80.3905,41.0104
2300,-80.1697,40.4463
2318,-79.1987,40.5946
2334,-76.2453,40.0329
2340,-76.1527,40.1669
2365,-75.3726,41.1238
2368,-75.1822,40.9905
2420,-79.8466,40.1388
2445,-75.2642,40.2865
2446,-75.3578,40.4487
2480,-75.2241,41.5578
2481,-76.5327,40.7905
2502,-79.3679,40.2635
2519,-76.6671,39.7672
2528,-77.4828,41.1137
2535,-76.1929,40.7283
2540,-79.3966,41.1925
2543,-75.7591,41.3151
2561,-80.1888,42.0721
2574,-77.1934,40.1893
2588,-79.8187,40.3826
2597,-79.7116,41.3496
2603,-79.9457,40.6238
2611,-79.5448,40.1279
2614,-75.9203,40.4172
2641,-75.5779,40.5545
2650,-74.9677,40.0856
2663,-78.7457,40.4747
2664,-78.9872,40.9178
2674,-80.3594,41.4133
2830,-75.3408,39.8635
2888,-76.5836,40.3136
2909,-79.6198,41.9371
2945,-75.9393,39.9802
3223,-80.3816,40.7783
3228,-79.5783,40.3984
3252,-75.4494,39.851
3253,-80.1675,41.8737
3281,-79.9684,42.1595
3412,-76.7912,40.5575
3429,-79.1496,41.8822
3475,-75.4008,40.1293
3501,-75.8562,40.1535
3514,-78.6155,41.9779
3541,-75.6897,39.8611
3563,-75.342,40.6725
3564,-75.1392,40.1585
3565,-75.3154,40.1452
3633,-77.542,39.7442
3634,-75.9891,40.835
3738,-79.7122,40.6465
3810,-75.4952,40.3948
3838,-79.8015,40.5693
4276,-75.6874,41.396
4348,-78.4289,40.3694
4404,-76.8154,40.1502
4501,-79.8897,40.0276
4612,-76.0062,40.5599
4687,-75.3983,40.0841
5040,-80.0954,40.3873
5103,-75.0996,40.0317
5130,-75.0226,40.083
5131,-74.9679,40.1365
5177,-74.8723,40.1007
5200,-76.3221,40.0735
5229,-75.1687,40.0821
5239,-75.6284,40.3509
5241,-79.6858,40.3169
5339,-79.8889,40.4883
5356,-79.2307,40.4425
5358,-77.4971,40.0607
5360,-79.6959,41.6327
5379,-79.6054,40.0027
5381,-80.0242,40.3323
5445,-80.0423,42.1222
5446,-80.1368,39.8973
5469,-76.9619,39.7626
5470,-78.0148,40.4804
5495,-75.2911,39.9061
5795,-75.9772,39.7964
5881,-75.3558,39.9386
5891,-75.0922,39.9987
6947,-74.9677,40.0856
1822,-65.6759,18.3444
1854,-66.7708,18.4815
2026,-66.6284,17.9946
2072,-66.1014,17.9805
2085,-67.022,18.4689
2240,-65.807,18.142
2302,-66.5512,18.4322
2423,-65.9985,18.3936
2449,-66.0155,18.2461
2501,-66.1634,18.4072
2721,-66.1343,18.1247
3693,-66.3398,18.0124
3716,-66.4561,18.436
5802,-65.88,18.38
1873,-71.4986,41.7881
1964,-71.7666,41.3543
2225,-71.5067,41.9811
2261,-71.4915,41.5857
2283,-71.555,41.6633
2373,-71.4145,41.7528
2747,-71.4795,41.7191
2885,-71.3175,41.5085
3301,-71.4161,41.8455
396,-82.6787,34.5542
511,-80.3888,33.9577
514,-81.7189,33.5201
574,-78.9815,33.6501
585,-80.9709,34.9407
586,-79.0792,33.8544
616,-80.8911,33.5242
621,-79.7531,33.8931
624,-81.5908,34.2801
625,-79.2838,33.3888
627,-79.3719,34.4381
628,-80.156,32.9481
629,-81.6407,34.7282
630,-79.821,34.1932
631,-82.5493,34.8289
632,-79.8454,32.814
634,-80.6476,34.2505
638,-81.6626,35.0894
640,-82.2812,34.8227
641,-82.4531,34.8522
642,-79.9299,34.699
643,-78.7703,33.7874
644,-82.6619,34.4819
728,-80.7286,32.212
795,-81.3939,33.2393
881,-81.2255,33.9947
1017,-80.2152,33.69
1030,-80.7914,34.7342
1035,-81.9849,34.9333
1037,-80.1542,33.0363
1123,-82.9989,34.6899
1130,-81.9831,34.4907
1135,-80.0627,34.3586
1144,-81.2133,34.984
1146,-79.9855,33.2109
1164,-81.1511,34.074
1183,-81.1017,33.9818
1244,-82.3284,34.908
1270,-81.9481,33.4964
1281,-81.8667,34.9814
1286,-80.9376,33.9591
1339,-80.8877,34.1139
1358,-80.6897,32.9302
1359,-80.0356,32.939
1382,-82.1975,34.2047
1383,-80.7313,32.425
1603,-81.1919,34.6997
1748,-80.0809,32.828
1829,-79.3445,34.1855
2214,-80.9523,34.0215
2265,-82.2551,34.7203
2328,-82.3547,34.8822
2348,-79.9678,32.7205
2606,-81.0977,34.3594
2687,-82.2063,34.9473
2703,-79.77,34.1431
2712,-78.918,33.7057
2806,-81.9848,35.0485
2832,-80.978,32.3107
2887,-78.962,33.6319
2928,-80.0627,33.0339
3191,-82.6917,34.8704
3192,-82.4805,34.7894
3222,-82.7579,34.7057
3367,-80.0191,32.8764
3733,-80.9933,35.051
4145,-82.2475,34.944
4237,-80.8515,35.0089
4379,-81.1065,34.0309
4384,-79.7889,32.8622
4420,-81.523,33.9162
4440,-81.2243,34.1298
4457,-79.7041,34.639
4487,-81.7644,33.5628
4506,-80.9616,34.138
4521,-81.2252,33.9089
4583,-82.2647,34.8616
4593,-81.0899,34.9793
4664,-78.9854,33.7754
5087,-78.6746,33.8243
5487,-82.4342,34.9605
5705,-79.008,33.5892
5745,-81.0838,35.1197
1483,-97.3955,42.8955
1500,-97.0714,44.8894
1520,-98.4358,45.4576
1535,-96.7726,43.5175
1538,-96.7665,44.3145
1543,-103.8111,44.4788
1604,-103.201,44.0965
1685,-100.3137,44.3813
2990,-98.0107,43.6899
3237,-96.6567,43.543
3734,-96.9334,42.7826
3853,-98.2162,44.3309
3872,-103.2181,44.0337
64,-89.2462,35.5926
93,-89.6653,35.5459
94,-89.8945,35.3561
97,-89.541,35.7648
104,-88.7461,35.8754
107,-88.8721,36.3482
120,-88.9136,35.8408
161,-88.4375,35.9976
175,-89.6828,35.0463
177,-88.3079,36.2811
192,-87.0533,35.5951
218,-88.5677,35.127
238,-87.0604,35.2015
264,-87.4136,36.0675
268,-88.215,35.224
272,-86.8169,35.944
304,-86.8782,36.4928
308,-86.0666,35.4616
314,-86.5696,35.1424
335,-88.8533,35.6649
366,-84.3617,35.512
390,-87.7751,36.0821
393,-88.81,35.5528
406,-86.4961,35.9722
466,-89.0245,35.28
477,-85.2002,35.2359
568,-85.9572,36.2643
578,-83.5742,35.8383
583,-84.5057,36.5161
587,-85.4874,35.9322
599,-82.513,36.4939
619,-85.0258,35.4765
620,-82.2326,36.5441
656,-86.4544,35.5143
657,-85.4975,36.1451
659,-86.9078,36.1319
663,-84.6316,35.4528
667,-86.2395,35.3895
668,-85.7844,35.6973
671,-86.2915,36.1919
672,-83.9913,35.7712
673,-87.291,36.5947
674,-86.4684,36.378
675,-89.0741,36.4146
676,-84.6185,35.8938
677,-89.3941,36.0647
678,-83.1962,35.9586
680,-82.7616,36.1853
682,-86.4278,35.8502
683,-87.3225,35.2653
684,-88.4098,35.6515
685,-83.2599,36.214
687,-85.0354,35.9734
688,-86.7117,36.0432
690,-82.2427,36.3472
695,-86.6878,36.3085
698,-84.8464,35.2009
710,-86.5994,36.2162
724,-83.4699,36.1247
735,-86.0983,35.2134
737,-86.7767,35.4603
738,-88.1093,36.089
741,-84.2793,35.829
742,-82.6105,36.5572
879,-86.0369,36.5198
950,-89.7827,35.2072
1075,-87.4104,36.5811
1080,-82.3907,36.3605
1089,-85.6866,35.0418
1115,-87.5416,35.5497
1159,-83.6089,36.4394
1194,-84.2543,36.0083
1226,-87.0362,36.253
1248,-89.8125,35.0501
1318,-84.0263,36.0056
1319,-83.9384,36.0891
1320,-83.8446,35.9111
1376,-86.5953,36.3228
1466,-84.1803,36.3356
1467,-84.9324,36.4281
1469,-85.1531,35.0301
1561,-89.894,35.2321
1606,-85.2473,35.1519
2065,-84.0632,35.9251
2310,-83.867,36.0312
2322,-89.7975,35.1403
2932,-84.1589,35.9028
3017,-86.9182,35.7728
3137,-87.1369,35.9623
3234,-83.0141,36.3309
3306,-86.7438,36.1922
3495,-87.2649,36.5103
3599,-89.8464,35.2279
3659,-85.3311,35.0944
3660,-85.3855,35.0207
3717,-86.7252,36.0818
3829,-82.4026,36.3091
3835,-85.0632,35.0841
3852,-82.5003,36.0709
4166,-84.4765,35.5839
4223,-84.0154,35.716
4226,-85.3792,35.3857
4414,-85.8273,35.958
4435,-86.7636,36.2441
4482,-86.5093,36.1802
4483,-86.6757,36.4697
4533,-89.536,35.23
4635,-84.087,36.1691
5043,-89.8305,35.0205
5057,-86.3493,35.8352
5058,-86.6283,36.0644
5107,-86.7129,36.2641
5119,-86.7446,36.0408
5122,-89.8632,35.0717
5175,-85.4614,36.1845
5196,-90.0262,35.0068
5251,-85.1957,35.012
5263,-84.8711,35.1286
5616,-86.7694,36.111
77,-97.4185,30.5986
131,-94.9672,33.1327
140,-94.7289,31.3001
146,-94.9377,32.755
147,-96.5876,33.7592
148,-95.5067,33.6618
158,-96.1904,33.6215
163,-94.6553,31.6515
165,-94.8038,32.1321
180,-95.2588,31.9464
181,-94.4039,33.472
185,-97.1383,33.6479
194,-94.9757,29.7754
206,-96.6301,33.2216
211,-97.0987,32.0083
214,-94.0114,30.9068
217,-97.0144,33.0469
220,-97.3383,32.5307
226,-94.1922,33.1086
228,-97.4125,32.3384
236,-95.4366,31.3128
240,-95.914,33.2355
248,-96.4571,31.685
249,-95.098,30.3337
251,-95.4979,32.6874
259,-96.4651,32.8982
260,-96.8406,32.4151
265,-96.3086,32.737
266,-97.0986,32.9319
271,-97.8382,33.5406
275,-94.955,30.7137
280,-97.0322,30.6424
283,-93.8444,30.0248
284,-97.1301,32.5749
285,-95.5721,30.7172
286,-96.6169,32.3339
288,-94.4195,30.7638
290,-97.4499,29.5177
292,-97.6666,29.8556
293,-96.0705,30.3922
297,-95.2337,30.1071
320,-96.8755,31.3066
321,-96.3949,30.1416
322,-96.3284,30.6611
330,-96.9948,28.8805
344,-96.2877,29.2188
345,-95.6166,31.7366
353,-98.5807,33.0823
364,-94.1916,31.8007
371,-97.7882,32.434
381,-97.8756,31.1197
383,-94.1482,30.3409
384,-94.195,30.2481
385,-97.2713,29.0895
395,-98.2883,26.1963
397,-98.21,26.1885
398,-94.7293,32.5395
399,-94.7864,32.5312
400,-95.4794,30.3325
404,-97.9124,29.8835
407,-97.7291,31.0906
408,-93.9932,29.942
412,-95.8392,32.2056
413,-97.2258,26.0716
414,-98.5005,33.8513
417,-95.5958,33.1076
420,-98.532,33.9498
421,-97.5964,33.2284
426,-96.8932,33.0645
427,-96.1108,33.0931
429,-98.1791,26.3027
437,-96.1522,29.7613
438,-98.9458,32.76
440,-97.0429,28.0485
442,-97.8538,27.4893
443,-99.1275,29.3437
446,-95.8927,30.9594
447,-100.9011,29.3958
449,-93.9414,29.9381
452,-98.2446,26.2438
456,-97.5174,25.9782
457,-94.0145,30.1434
458,-97.1766,27.9225
461,-100.482,28.7013
462,-95.2295,29.4222
463,-97.7533,28.422
464,-97.6314,27.8546
465,-98.1788,29.164
467,-97.0945,33.1934
470,-97.4389,27.738
471,-96.8219,32.5912
473,-96.9156,30.1777
474,-96.6498,28.9889
475,-97.6699,30.4833
476,-97.7137,31.4214
478,-99.0941,28.8989
482,-95.6594,29.1516
490,-97.2993,27.6737
500,-106.4374,31.8987
503,-96.5383,29.6947
504,-94.8331,29.265
508,-99.1684,30.0609
512,-106.3409,31.7529
513,-101.467,32.2287
516,-96.1353,32.3331
522,-95.0652,29.8943
523,-94.37,32.1613
524,-97.8643,28.8345
527,-95.4332,29.1843
529,-95.0376,29.402
535,-99.7817,32.4108
536,-99.698,32.4803
537,-102.34,31.8944
546,-95.7634,29.5578
554,-99.505,27.5506
561,-98.7884,32.4059
565,-96.5025,32.0709
567,-96.698,30.5388
572,-94.8645,32.3938
590,-97.4029,32.6627
595,-97.7215,26.1805
597,-95.533,29.9682
600,-100.9691,35.5701
601,-100.5097,31.4272
602,-95.4578,30.1235
608,-102.145,32.0306
610,-98.2337,32.2051
626,-102.664,32.7233
651,-94.1651,30.1205
703,-95.625,30.0758
744,-95.1762,29.9957
746,-97.3691,31.068
752,-95.1614,29.648
755,-101.921,35.1609
757,-98.5116,28.939
765,-98.3533,29.5917
768,-95.7221,29.789
772,-95.6472,29.7212
777,-93.7655,30.0934
781,-98.2736,30.5854
782,-99.7535,29.2358
789,-96.5992,32.7915
791,-98.0428,27.7689
793,-101.9204,34.9988
804,-98.0841,32.8119
807,-97.2466,32.8426
808,-95.4589,29.0454
812,-101.974,35.85
813,-98.9808,31.7287
822,-101.793,35.1917
827,-95.8518,32.5453
846,-96.9058,29.9012
849,-95.4304,30.066
861,-101.907,33.53
865,-98.1265,29.6846
872,-95.2869,29.5908
880,-97.0063,32.8349
883,-97.7666,26.4808
896,-97.0345,32.6734
897,-102.9077,30.8961
898,-103.4886,31.4083
900,-100.2343,34.435
901,-97.9394,29.5664
915,-95.5729,29.6436
917,-99.3341,31.1139
918,-94.3502,32.5621
926,-98.1427,27.2004
927,-101.7519,34.1954
939,-97.1666,31.5224
940,-97.4338,32.7548
945,-101.928,33.5925
947,-96.612,33.674
949,-96.8726,32.6491
951,-96.0636,30.095
963,-97.7904,32.7325
964,-106.3114,31.6806
972,-97.4261,32.8124
999,-98.6346,29.3589
1000,-97.4802,25.9219
1015,-106.566,31.8375
1022,-95.3461,32.3514
1040,-95.6517,29.877
1041,-97.9863,26.1746
1042,-97.3309,30.105
1044,-95.2602,32.298
1046,-99.8485,28.5427
1050,-101.9498,32.7563
1051,-102.3611,33.5949
1055,-96.6421,32.9657
1062,-95.1592,29.5519
1067,-96.9388,29.4583
1073,-98.1632,31.0661
1078,-99.9608,31.7204
1092,-102.2557,33.1822
1098,-96.6493,28.6179
1103,-95.4831,29.9983
1117,-96.6979,33.0561
1118,-96.6141,32.7329
1126,-98.7265,29.7795
1129,-97.7893,30.467
1137,-95.177,29.768
1148,-98.5423,33.8762
1150,-96.3011,30.599
1154,-98.852,30.2554
1178,-97.1069,32.8645
1185,-97.6928,30.339
1186,-94.775,30.0759
1198,-98.4707,29.6124
1216,-96.9053,32.9842
1232,-97.4614,31.0826
1235,-98.5876,29.4901
1249,-100.461,31.4876
1253,-97.7543,30.2212
1254,-97.1056,31.6
1257,-99.8013,32.9611
1272,-100.9158,32.6912
1279,-95.4141,29.9173
1296,-97.6351,26.1458
1303,-97.6897,30.644
1313,-98.4785,29.3536
1347,-98.4353,29.4914
1405,-95.9352,28.9858
1409,-95.5647,29.7931
1455,-97.1685,32.7627
1494,-97.3822,27.7278
1516,-101.408,35.6605
1800,-96.6519,32.8628
1801,-97.1333,32.6705
1803,-98.4081,29.5521
1837,-95.2834,30.009
1958,-98.7949,26.3657
2066,-95.514,29.7367
2086,-96.8277,33.0244
2105,-96.8402,32.9268
2123,-94.1002,33.4432
2133,-97.8227,30.2322
2201,-106.3862,31.7791
2239,-98.6415,29.4429
2257,-95.511,29.853
2397,-97.1153,32.6068
2404,-98.4821,29.5148
2427,-96.7378,32.9104
2433,-96.6315,32.9317
2505,-95.5647,29.5675
2599,-98.5956,29.564
2612,-106.271,31.756
2625,-96.8902,32.9537
2649,-96.962,32.917
2667,-96.6886,32.7933
2670,-95.4333,30.2853
2688,-95.3103,32.2752
2718,-95.4564,29.6766
2724,-95.2102,29.6912
2769,-98.3748,29.5084
2864,-98.705,29.5006
2883,-96.7996,33.0972
2891,-102.4103,31.8562
2918,-96.672,33.1202
2926,-96.7676,33.0554
2973,-96.6138,33.0108
2974,-96.6999,32.9312
2975,-96.6049,32.8642
2976,-96.6111,32.8114
2977,-97.1159,32.6454
2978,-97.3693,32.6349
2979,-97.2698,32.8742
2980,-97.2892,32.8942
2981,-97.2395,32.8933
2991,-97.8349,30.5217
2993,-95.6445,29.6135
2995,-96.7485,33.0876
2996,-96.8557,32.997
3014,-96.8257,32.6841
3015,-96.6845,32.76
3044,-97.284,32.7114
3057,-98.6794,29.5594
3106,-98.5547,29.3392
3112,-98.3576,29.4652
3135,-97.3323,32.7051
3136,-106.2005,31.6813
3169,-97.5428,30.3479
3170,-97.3896,30.3505
3171,-96.7696,32.8165
3198,-96.9161,33.0182
3199,-96.6664,33.0324
3213,-95.4579,30.2081
3224,-96.5977,32.8409
3225,-96.578,32.9086
3226,-95.803,29.7823
3229,-99.3119,34.163
3274,-97.1879,32.9094
3279,-98.3877,29.3993
3284,-97.2086,32.6666
3285,-96.9443,32.5986
3286,-97.0434,33.1293
3287,-97.0352,33.0719
3296,-95.5916,29.7354
3297,-95.6045,29.9229
3298,-95.0216,29.5419
3302,-95.5596,29.6805
3319,-97.6716,31.0701
3320,-98.3168,26.2601
3341,-96.7931,32.7989
3381,-100.3941,32.4541
3383,-101.8622,35.1705
3384,-102.4074,34.8386
3390,-95.5872,30.195
3391,-98.2765,29.603
3392,-97.1332,32.8446
3406,-96.8151,32.9612
3419,-97.4301,32.7055
3425,-95.2317,29.6275
3431,-97.709,32.7556
3432,-96.8741,32.5898
3433,-96.8158,32.5343
3451,-95.5427,29.8234
3452,-95.6463,29.8497
3482,-96.77,33.0026
3500,-95.1634,29.8085
3506,-95.61,29.9816
3509,-95.5875,29.6887
3510,-95.2347,29.5464
3518,-99.4496,27.5176
3530,-96.4696,32.9291
3542,-95.5284,29.6558
3569,-97.6762,30.4105
3572,-95.3822,29.5596
3574,-96.6285,33.1145
3578,-95.485,29.8028
3579,-95.2146,30.0693
3591,-95.6512,30.384
3594,-97.1488,32.7093
3623,-99.4755,27.4529
3631,-97.3391,32.5763
3640,-95.4665,29.7866
3645,-102.0698,31.9747
3661,-106.2885,31.7429
3763,-106.2626,31.8055
3764,-95.3888,32.4717
3773,-97.4838,32.7655
3777,-96.8837,33.1799
3826,-101.8595,33.5915
3827,-95.759,29.7009
3828,-94.7157,32.4373
3870,-97.1657,32.6592
3886,-98.2018,26.266
3888,-98.7146,29.4336
4046,-96.6496,32.8955
4126,-96.3614,30.6527
4131,-98.6677,29.4873
4164,-96.3092,32.5704
4182,-96.7923,33.0436
4183,-96.3802,30.6325
4193,-95.2774,32.3115
4194,-96.9551,28.8174
4215,-96.125,32.9089
4219,-97.8242,30.0854
4240,-97.0782,33.0757
4279,-97.0054,32.4854
4298,-95.2516,29.9372
4299,-101.955,33.5175
4366,-106.559,31.8611
4415,-106.3452,31.7285
4416,-95.4863,29.9136
4508,-98.4455,26.2444
4509,-97.4677,32.6786
4526,-95.379,29.8305
4538,-95.7189,29.8605
4554,-97.7332,30.3551
4627,-97.1681,33.2331
5021,-96.6728,32.8347
5042,-96.8392,32.9223
5045,-95.5901,30.0128
5074,-96.7688,32.9567
5080,-97.1845,32.8441
5091,-95.6979,29.9713
5092,-96.9918,33.0027
5094,-95.4929,29.6776
5108,-106.284,31.783
5116,-95.0982,29.6648
5144,-98.3232,29.4988
5145,-98.5374,29.4885
5146,-98.6335,29.5173
5147,-96.8972,32.7625
5165,-98.1307,26.1908
5181,-97.2183,32.7461
5191,-96.4513,32.743
5210,-96.528,33.0177
5211,-96.6798,33.1585
5216,-101.9066,35.2103
5245,-98.433,29.349
5246,-96.122,29.328
5247,-97.2193,33.0151
5287,-95.5109,30.0729
5288,-96.5339,32.6481
5290,-98.6793,29.417
5311,-96.7355,33.2168
5312,-97.2875,32.775
5316,-97.3815,32.8807
5317,-97.7886,30.1655
5359,-97.5441,32.8994
5388,-95.0878,29.4654
5389,-97.2175,31.4954
5416,-97.0921,32.75
5449,-95.5165,29.5361
5460,-97.3081,27.8963
5478,-97.853,30.4109
5479,-97.6083,30.4539
5480,-97.6116,30.5338
5493,-97.4257,25.9431
5612,-95.314,29.7164
5613,-97.0955,32.7679
5614,-97.1586,32.8794
5624,-96.8808,32.9236
5657,-96.7314,33.0395
5672,-96.6187,33.0866
5707,-96.9817,33.2278
5713,-99.4495,27.6006
5764,-97.4069,32.9672
5810,-96.9438,32.6483
5823,-96.7557,32.8612
5866,-96.8061,33.1471
5889,-96.86,32.86
5898,-97.3736,27.679
5931,-96.7527,32.9369
5947,-106.4459,31.8294
5959,-95.4006,29.7731
5960,-106.2884,31.6548
5962,-106.4312,31.8692
5963,-97.0719,33.0159
5985,-97.1838,32.9366
5986,-96.8376,33.1147
6983,-96.0705,30.3922
6984,-98.9458,32.76
6985,-99.8013,32.9611
6987,-101.408,35.6605
7263,-98.5386,29.262
1438,-113.0821,37.6544
1439,-113.5216,37.1273
1440,-112.298,40.5532
1572,-109.5635,40.4384
1573,-110.7886,39.5963
1686,-111.9356,40.6493
1699,-111.9803,41.0689
1708,-111.9987,41.1761
1768,-111.7102,40.2727
1827,-111.549,40.726
1888,-111.8304,41.7603
2207,-111.8579,40.6198
2307,-111.9013,40.547
2511,-111.8248,40.3854
2794,-111.5867,39.3733
2921,-111.971,41.2679
3208,-111.6428,40.1578
3220,-113.5858,37.0619
3232,-111.9786,40.6113
3366,-111.8842,40.9206
3454,-112.0155,41.4923
3568,-112.0266,40.6993
3589,-111.9009,40.7399
3620,-111.971,40.5066
3789,-111.981,41.2326
3848,-112.0677,41.0904
4100,-111.67,40.2629
4208,-111.8134,40.7199
4272,-111.835,41.7118
4438,-111.919,40.3859
4678,-113.366,37.1705
4689,-111.77,40.4164
4696,-111.4168,40.4935
5109,-111.9871,40.6705
5110,-111.8505,40.5263
5120,-111.9777,40.5738
5167,-111.7559,40.0294
5168,-112.0843,38.7566
5205,-111.9401,41.1003
5206,-111.9384,41.1522
5233,-112.0253,40.6387
5234,-112.0638,41.1401
5235,-111.8604,40.5872
5270,-111.7297,40.3509
5350,-111.8644,40.6693
5763,-111.9747,40.5639
650,-82.7574,36.86
1023,-80.8803,36.6923
1243,-79.8982,36.6948
1292,-80.4243,37.1609
1301,-79.9511,37.2039
1302,-82.6112,36.9553
1309,-80.0883,37.2891
1335,-79.4091,37.8041
1336,-81.5006,36.8462
1344,-79.0534,38.1417
1345,-78.9172,36.7355
1350,-79.1856,37.3539
1399,-79.5053,37.3258
1406,-78.1728,39.157
1424,-77.3866,37.2464
1465,-79.4286,36.5946
1486,-78.3986,37.2782
1523,-77.6036,37.6502
1524,-77.4784,37.3507
1525,-77.3553,37.6138
1631,-76.3788,37.0412
1652,-80.6926,37.0821
1682,-76.4179,36.8301
1687,-76.5819,36.7477
1688,-76.0683,36.823
1726,-78.8531,38.4353
1730,-76.8683,37.9
1759,-76.5288,37.4005
1763,-81.2463,37.2412
1773,-76.5071,37.1205
1780,-78.4645,38.1001
1811,-76.2103,36.8647
1825,-77.5172,38.7873
1833,-77.5066,38.3015
1841,-76.2492,36.7731
1852,-77.2972,38.6487
1904,-77.5406,39.1171
1934,-78.1048,36.712
1969,-77.6263,37.5046
2015,-77.3962,38.856
2038,-77.4279,39.0229
2089,-82.1384,36.6318
2136,-77.9793,38.4812
2160,-77.3676,37.1827
2194,-77.136,38.7692
2258,-77.0871,38.7438
2295,-77.4579,37.6329
2312,-79.9607,37.3012
2337,-79.8592,37.0162
2437,-77.7896,38.6973
2438,-77.418,38.4707
2520,-77.439,38.2867
2529,-76.1226,36.7937
2564,-78.4903,38.6621
2565,-79.1207,37.4494
2645,-78.0087,37.0595
2646,-80.7362,37.3348
2647,-78.5312,38.8711
2662,-79.9915,37.7688
2705,-76.9539,36.6678
2761,-81.7342,37.0667
2762,-80.5836,37.1507
2795,-77.4597,37.7596
2805,-77.5447,36.7073
2807,-78.9197,38.4284
2808,-77.6299,37.4253
2821,-77.5306,37.5344
3077,-77.6443,38.8177
3157,-76.466,37.0609
3214,-76.4277,36.8862
3216,-76.0108,36.7593
3219,-76.7327,37.3439
3243,-79.8744,37.323
3265,-76.4575,37.1224
3270,-81.0999,36.958
3303,-82.1001,37.2787
3344,-78.2052,39.1937
3480,-82.0469,36.9032
3573,-77.4486,38.7523
3588,-77.3081,38.5815
3644,-76.2325,36.6558
3768,-79.3065,37.1297
3770,-80.2778,36.6787
3772,-83.0216,36.767
3831,-76.3418,36.8294
3869,-77.5661,37.6042
4220,-76.0828,36.7917
4258,-77.5215,38.3646
4350,-76.3917,37.7359
4378,-75.724,37.6856
4476,-77.6717,37.4041
4514,-78.1494,39.0859
4623,-76.4452,37.0201
4636,-78.8412,37.366
4638,-78.3717,38.2372
4682,-78.2101,37.9793
4697,-79.2102,37.4118
5105,-78.1915,38.9313
5117,-78.936,38.0642
5227,-77.3,38.7888
5253,-76.3113,36.7188
5343,-77.4944,38.2342
5488,-76.2511,36.9178
5731,-77.7691,38.372
5753,-77.0766,38.7802
5754,-76.7512,37.2756
5755,-76.2294,36.917
5779,-77.056,38.3512
5847,-77.7763,37.5135
5880,-77.3323,38.8497
5936,-77.2454,38.93
5969,-77.4428,38.889
2224,-73.1172,44.4449
2289,-73.2202,42.9064
2332,-73.0924,44.8453
2530,-72.9803,43.6047
2682,-72.5649,44.2163
1870,-117.1772,46.7125
1947,-119.508,48.414
2006,-117.0443,46.4228
2007,-119.274,47.1413
2016,-117.915,48.5539
2037,-123.807,46.9755
2101,-119.177,46.1825
2121,-123.0993,47.2103
2187,-120.3392,47.4541
2196,-123.3615,48.1095
2241,-119.986,46.315
2249,-122.979,46.6788
2269,-120.48,46.6015
2317,-122.633,47.6249
2319,-122.662,48.2889
2325,-122.6278,47.5168
2385,-122.251,47.2982
2403,-122.292,47.1559
2450,-122.482,48.8016
2469,-122.9295,46.1199
2476,-118.3815,46.0297
2516,-122.221,47.4719
2539,-117.192,47.6668
2549,-117.4019,47.7427
2550,-122.562,45.6239
2571,-122.31,47.3217
2594,-122.252,47.8487
2595,-122.189,48.0789
2596,-122.3462,48.4417
2865,-117.446,47.6991
2947,-122.663,45.6868
3052,-122.5933,45.6479
3098,-122.1397,47.6088
3145,-122.6409,45.6369
3217,-119.148,46.8242
3218,-122.42,47.0737
3260,-119.543,47.3111
3261,-119.307,46.2558
3380,-119.187,46.272
3525,-122.2935,47.1047
3531,-122.7609,47.0561
3537,-122.517,47.1957
3705,-122.5825,46.9331
3742,-122.7598,45.9276
3754,-119.9873,47.8414
3757,-122.1754,48.1514
3794,-122.3111,47.2927
3801,-122.1129,48.0548
3850,-122.9188,46.9942
4137,-122.4789,47.24
4394,-117.557,47.6451
5041,-122.15,47.1664
5073,-122.108,47.3611
5078,-120.6023,46.5864
5195,-122.256,47.8945
5272,-122.6625,47.7575
5273,-123.1334,48.0802
5462,-122.48,45.6182
5678,-122.2999,47.842
5853,-122.984,46.153
5883,-117.3365,47.6584
5939,-122.1745,47.5721
802,-89.6667,42.6062
847,-90.1199,42.9738
882,-91.1291,43.0285
910,-88.4129,42.5924
958,-90.4471,42.7334
965,-90.5051,43.9941
971,-90.8884,43.566
979,-90.8324,43.9401
1007,-90.3605,43.3177
1012,-88.8224,43.4763
1138,-89.509,43.0519
1167,-87.8823,42.6055
1176,-89.2429,42.9197
1202,-89.8156,44.3547
1267,-89.246,43.1744
1274,-88.7586,42.8352
1276,-87.7523,43.7145
1277,-90.831,44.2943
1305,-88.9865,42.7255
1316,-87.3588,44.8512
1365,-92.7271,44.9592
1366,-89.6491,45.1786
1394,-88.0458,42.9617
1396,-89.7725,43.4585
1430,-88.5867,44.0147
1446,-91.7628,45.4746
1447,-92.1045,46.6959
1449,-87.698,44.0766
1453,-88.0902,44.5242
1471,-88.7425,44.4069
1515,-88.1465,43.1961
1551,-87.952,42.9232
1571,-88.3166,42.8527
1635,-88.2379,42.9795
1643,-88.4841,43.7858
1650,-87.924,43.3832
1669,-91.4281,44.7758
1672,-90.8533,46.6053
1678,-88.3692,43.0489
1679,-91.1824,43.8793
1727,-88.9786,43.9697
1776,-88.732,43.1713
1799,-89.4729,43.5711
1819,-91.9305,44.9109
1828,-89.51,44.4928
1908,-87.9708,44.4786
1931,-89.3826,45.636
1982,-88.4958,44.2668
2127,-89.6498,44.9178
2271,-88.5881,44.7821
2335,-89.3127,43.1108
2421,-92.6037,45.3998
2452,-87.9059,43.0876
2509,-88.1427,44.023
2510,-89.7203,45.8866
2532,-88.9853,42.5237
2545,-87.6568,45.0732
2658,-88.1914,43.3981
2668,-87.8637,42.6972
2813,-90.16,44.6853
2828,-87.9469,42.983
2936,-88.0417,43.1216
2958,-88.3539,44.2436
2986,-88.491,44.1769
3030,-88.0636,43.0866
3031,-88.1025,43.1778
3245,-91.4745,46.0188
3247,-88.6139,42.6264
3268,-89.1461,45.1625
3322,-88.2262,43.0851
3324,-87.7676,43.7931
3488,-88.258,42.6998
3496,-87.9847,43.0927
3497,-87.9441,43.7536
3499,-88.8601,42.9401
3505,-89.8123,43.587
3643,-90.3281,45.1432
3857,-89.3505,43.0426
4281,-91.1113,45.4798
4677,-88.1123,42.9286
5090,-88.1107,44.4307
5127,-91.2129,43.7673
5373,-91.4214,44.8849
5432,-92.5401,45.0984
5438,-88.1044,42.9772
5463,-88.4006,43.3232
5667,-87.8611,42.9276
5668,-88.0102,42.9477
5669,-87.9657,43.0177
5695,-87.8474,42.7182
5697,-88.0013,43.0253
5698,-88.1979,43.0165
1351,-81.1837,37.8098
1360,-81.1311,37.9974
1450,-81.7211,38.8286
1477,-80.8348,38.3029
1499,-80.4296,37.8144
1522,-79.8457,38.8924
1544,-80.2857,39.2634
1653,-80.4151,39.0202
1703,-77.9882,39.4556
1714,-80.1925,39.4237
1782,-81.5505,39.3052
1948,-80.5488,40.3917
2036,-81.7163,38.3222
2083,-79.9575,39.5798
2244,-82.3753,38.4071
2474,-79.0041,39.405
2566,-77.839,39.2982
2576,-81.7982,38.408
2610,-81.9987,37.8523
2684,-80.8591,39.6549
2696,-78.9593,39.0858
2792,-82.4299,38.2457
2809,-80.2335,38.9999
2810,-81.3485,38.7988
2823,-81.5424,39.2268
2833,-79.9952,39.3618
2849,-82.0357,39.0116
2852,-80.7568,39.9364
2933,-81.0461,37.3613
3215,-80.0117,39.6564
3811,-81.5263,37.4127
4277,-82.0216,38.441
4278,-81.5129,38.2102
4372,-79.7336,39.4865
4423,-77.9099,39.5429
5088,-80.5935,40.0619
5296,-82.2582,38.421
5319,-81.2227,37.7527
7256,-81.9945,38.6003
1315,-104.7911,41.1641
1412,-105.5378,41.3031
1456,-110.9865,41.2635
1457,-108.3792,43.0419
1461,-109.2512,41.5786
1485,-105.4929,44.2752
1508,-106.9413,44.7761
1617,-106.2696,42.8499
1778,-109.0889,44.5181
3778,-106.3703,42.8207